Unit;CPT01;
org.apache.cassandra.auth.AllowAllAuthenticator;X;
org.apache.cassandra.auth.AllowAllAuthorizer;X;
org.apache.cassandra.auth.AllowAllInternodeAuthenticator;X;
org.apache.cassandra.auth.Auth;X;
org.apache.cassandra.auth.Auth$MigrationListener;X;
org.apache.cassandra.auth.AuthenticatedUser;X;
org.apache.cassandra.auth.CassandraAuthorizer;X;
org.apache.cassandra.auth.DataResource;X;
org.apache.cassandra.auth.IAuthenticator;X;
org.apache.cassandra.auth.IAuthorizer;X;
org.apache.cassandra.auth.IInternodeAuthenticator;X;
org.apache.cassandra.auth.IResource;X;
org.apache.cassandra.auth.ISaslAwareAuthenticator;X;
org.apache.cassandra.auth.ISaslAwareAuthenticator$SaslAuthenticator;X;
org.apache.cassandra.auth.LegacyAuthenticator;X;
org.apache.cassandra.auth.LegacyAuthorizer;X;
org.apache.cassandra.auth.PasswordAuthenticator;X;
org.apache.cassandra.auth.PasswordAuthenticator$PlainTextSaslAuthenticator;X;
org.apache.cassandra.auth.PermissionDetails;X;
org.apache.cassandra.auth.Resources;X;
org.apache.cassandra.cache.AutoSavingCache;X;
org.apache.cassandra.cache.AutoSavingCache$CacheSerializer;X;
org.apache.cassandra.cache.AutoSavingCache$Writer;X;
org.apache.cassandra.cache.CacheKey;X;
org.apache.cassandra.cache.CacheKey$PathInfo;X;
org.apache.cassandra.cache.CachingOptions;X;
org.apache.cassandra.cache.CachingOptions$KeyCache;X;
org.apache.cassandra.cache.CachingOptions$RowCache;X;
org.apache.cassandra.cache.ConcurrentLinkedHashCache;X;
org.apache.cassandra.cache.CounterCacheKey;X;
org.apache.cassandra.cache.ICache;X;
org.apache.cassandra.cache.IMeasurableMemory;X;
org.apache.cassandra.cache.IRowCacheEntry;X;
org.apache.cassandra.cache.InstrumentingCache;X;
org.apache.cassandra.cache.KeyCacheKey;X;
org.apache.cassandra.cache.RefCountedMemory;X;
org.apache.cassandra.cache.RowCacheKey;X;
org.apache.cassandra.cache.RowCacheSentinel;X;
org.apache.cassandra.cache.SerializingCache;X;
org.apache.cassandra.cache.SerializingCacheProvider;X;
org.apache.cassandra.cache.SerializingCacheProvider$RowCacheSerializer;X;
org.apache.cassandra.cli.CliClient;X;
org.apache.cassandra.cli.CliClient$CfAssumptions;X;
org.apache.cassandra.cli.CliClient$CfDefNamesComparator;X;
org.apache.cassandra.cli.CliClient$KsDefNamesComparator;X;
org.apache.cassandra.cli.CliCommandHelp;X;
org.apache.cassandra.cli.CliCompiler;X;
org.apache.cassandra.cli.CliCompiler$ANTLRNoCaseStringStream;X;
org.apache.cassandra.cli.CliCompleter;X;
org.apache.cassandra.cli.CliMain;X;
org.apache.cassandra.cli.CliOptions;X;
org.apache.cassandra.cli.CliOptions$CLIOptions;X;
org.apache.cassandra.cli.CliSessionState;X;
org.apache.cassandra.cli.CliUserHelp;X;
org.apache.cassandra.cli.CliUtils;X;
org.apache.cassandra.cli.transport.FramedTransportFactory;X;
org.apache.cassandra.cli.transport.SSLTransportFactory;X;
org.apache.cassandra.client.RingCache;X;
org.apache.cassandra.concurrent.AbstractTracingAwareExecutorService;X;
org.apache.cassandra.concurrent.AbstractTracingAwareExecutorService$FutureTask;X;
org.apache.cassandra.concurrent.AbstractTracingAwareExecutorService$TraceSessionFutureTask;X;
org.apache.cassandra.concurrent.DebuggableScheduledThreadPoolExecutor;X;
org.apache.cassandra.concurrent.DebuggableScheduledThreadPoolExecutor$UncomplainingRunnable;X;
org.apache.cassandra.concurrent.DebuggableThreadPoolExecutor;X;
org.apache.cassandra.concurrent.DebuggableThreadPoolExecutor$TraceSessionWrapper;X;
org.apache.cassandra.concurrent.IExecutorMBean;X;
org.apache.cassandra.concurrent.JMXConfigurableThreadPoolExecutor;X;
org.apache.cassandra.concurrent.JMXConfigurableThreadPoolExecutorMBean;X;
org.apache.cassandra.concurrent.JMXEnabledSharedExecutorPool;X;
org.apache.cassandra.concurrent.JMXEnabledSharedExecutorPool$JMXEnabledSEPExecutor;X;
org.apache.cassandra.concurrent.JMXEnabledSharedExecutorPool$JMXEnabledSEPExecutorMBean;X;
org.apache.cassandra.concurrent.JMXEnabledThreadPoolExecutor;X;
org.apache.cassandra.concurrent.JMXEnabledThreadPoolExecutorMBean;X;
org.apache.cassandra.concurrent.NamedThreadFactory;X;
org.apache.cassandra.concurrent.SEPExecutor;X;
org.apache.cassandra.concurrent.SEPWorker;X;
org.apache.cassandra.concurrent.SEPWorker$Work;X;
org.apache.cassandra.concurrent.SharedExecutorPool;X;
org.apache.cassandra.concurrent.StageManager;X;
org.apache.cassandra.concurrent.StageManager$ExecuteOnlyExecutor;X;
org.apache.cassandra.concurrent.TracingAwareExecutorService;X;
org.apache.cassandra.config.CFMetaData;X;
org.apache.cassandra.config.CFMetaData$SpeculativeRetry;X;
org.apache.cassandra.config.ColumnDefinition;X;
org.apache.cassandra.config.Config;X;
org.apache.cassandra.config.ConfigurationLoader;X;
org.apache.cassandra.config.DatabaseDescriptor;X;
org.apache.cassandra.config.EncryptionOptions;X;
org.apache.cassandra.config.EncryptionOptions$ClientEncryptionOptions;X;
org.apache.cassandra.config.EncryptionOptions$ServerEncryptionOptions;X;
org.apache.cassandra.config.KSMetaData;X;
org.apache.cassandra.config.RequestSchedulerOptions;X;
org.apache.cassandra.config.Schema;X;
org.apache.cassandra.config.SeedProviderDef;X;
org.apache.cassandra.config.TriggerDefinition;X;
org.apache.cassandra.config.UTMetaData;X;
org.apache.cassandra.config.YamlConfigurationLoader;X;
org.apache.cassandra.config.YamlConfigurationLoader$MissingPropertiesChecker;X;
org.apache.cassandra.cql.AbstractModification;X;
org.apache.cassandra.cql.AlterTableStatement;X;
org.apache.cassandra.cql.Attributes;X;
org.apache.cassandra.cql.BatchStatement;X;
org.apache.cassandra.cql.CFPropDefs;X;
org.apache.cassandra.cql.CQLStatement;X;
org.apache.cassandra.cql.CreateColumnFamilyStatement;X;
org.apache.cassandra.cql.CreateIndexStatement;X;
org.apache.cassandra.cql.CreateKeyspaceStatement;X;
org.apache.cassandra.cql.DeleteStatement;X;
org.apache.cassandra.cql.DropIndexStatement;X;
org.apache.cassandra.cql.Operation;X;
org.apache.cassandra.cql.QueryProcessor;X;
org.apache.cassandra.cql.Relation;X;
org.apache.cassandra.cql.SelectExpression;X;
org.apache.cassandra.cql.SelectStatement;X;
org.apache.cassandra.cql.Term;X;
org.apache.cassandra.cql.UpdateStatement;X;
org.apache.cassandra.cql.WhereClause;X;
org.apache.cassandra.cql.hooks.ExecutionContext;X;
org.apache.cassandra.cql.hooks.PostPreparationHook;X;
org.apache.cassandra.cql.hooks.PreExecutionHook;X;
org.apache.cassandra.cql.hooks.PreparationContext;X;
org.apache.cassandra.cql3.AbstractMarker;X;
org.apache.cassandra.cql3.AbstractMarker$INRaw;X;
org.apache.cassandra.cql3.AbstractMarker$Raw;X;
org.apache.cassandra.cql3.AssignementTestable;X;
org.apache.cassandra.cql3.Attributes;X;
org.apache.cassandra.cql3.Attributes$Raw;X;
org.apache.cassandra.cql3.BatchQueryOptions;X;
org.apache.cassandra.cql3.BatchQueryOptions$WithPerStatementVariables;X;
org.apache.cassandra.cql3.BatchQueryOptions$WithoutPerStatementVariables;X;
org.apache.cassandra.cql3.CFName;X;
org.apache.cassandra.cql3.CQL3Row;X;
org.apache.cassandra.cql3.CQL3Row$Builder;X;
org.apache.cassandra.cql3.CQL3Row$RowIterator;X;
org.apache.cassandra.cql3.CQL3Type;X;
org.apache.cassandra.cql3.CQL3Type$Collection;X;
org.apache.cassandra.cql3.CQL3Type$Custom;X;
org.apache.cassandra.cql3.CQL3Type$Raw;X;
org.apache.cassandra.cql3.CQL3Type$Raw$RawCollection;X;
org.apache.cassandra.cql3.CQL3Type$Raw$RawTuple;X;
org.apache.cassandra.cql3.CQL3Type$Raw$RawType;X;
org.apache.cassandra.cql3.CQL3Type$Raw$RawUT;X;
org.apache.cassandra.cql3.CQL3Type$Tuple;X;
org.apache.cassandra.cql3.CQL3Type$UserDefined;X;
org.apache.cassandra.cql3.CQLStatement;X;
org.apache.cassandra.cql3.ColumnCondition;X;
org.apache.cassandra.cql3.ColumnCondition$Bound;X;
org.apache.cassandra.cql3.ColumnCondition$CollectionBound;X;
org.apache.cassandra.cql3.ColumnCondition$ElementAccessBound;X;
org.apache.cassandra.cql3.ColumnCondition$Raw;X;
org.apache.cassandra.cql3.ColumnCondition$SimpleBound;X;
org.apache.cassandra.cql3.ColumnIdentifier;X;
org.apache.cassandra.cql3.ColumnSpecification;X;
org.apache.cassandra.cql3.Constants;X;
org.apache.cassandra.cql3.Constants$Adder;X;
org.apache.cassandra.cql3.Constants$Deleter;X;
org.apache.cassandra.cql3.Constants$Literal;X;
org.apache.cassandra.cql3.Constants$Marker;X;
org.apache.cassandra.cql3.Constants$Setter;X;
org.apache.cassandra.cql3.Constants$Substracter;X;
org.apache.cassandra.cql3.Constants$Value;X;
org.apache.cassandra.cql3.IndexName;X;
org.apache.cassandra.cql3.Lists;X;
org.apache.cassandra.cql3.Lists$Appender;X;
org.apache.cassandra.cql3.Lists$DelayedValue;X;
org.apache.cassandra.cql3.Lists$Discarder;X;
org.apache.cassandra.cql3.Lists$DiscarderByIndex;X;
org.apache.cassandra.cql3.Lists$Literal;X;
org.apache.cassandra.cql3.Lists$Marker;X;
org.apache.cassandra.cql3.Lists$PrecisionTime;X;
org.apache.cassandra.cql3.Lists$Prepender;X;
org.apache.cassandra.cql3.Lists$Setter;X;
org.apache.cassandra.cql3.Lists$SetterByIndex;X;
org.apache.cassandra.cql3.Lists$Value;X;
org.apache.cassandra.cql3.Maps;X;
org.apache.cassandra.cql3.Maps$DelayedValue;X;
org.apache.cassandra.cql3.Maps$DiscarderByKey;X;
org.apache.cassandra.cql3.Maps$Literal;X;
org.apache.cassandra.cql3.Maps$Marker;X;
org.apache.cassandra.cql3.Maps$Putter;X;
org.apache.cassandra.cql3.Maps$Setter;X;
org.apache.cassandra.cql3.Maps$SetterByKey;X;
org.apache.cassandra.cql3.Maps$Value;X;
org.apache.cassandra.cql3.MeasurableForPreparedCache;X;
org.apache.cassandra.cql3.MultiColumnRelation;X;
org.apache.cassandra.cql3.Operation;X;
org.apache.cassandra.cql3.Operation$Addition;X;
org.apache.cassandra.cql3.Operation$ColumnDeletion;X;
org.apache.cassandra.cql3.Operation$ElementDeletion;X;
org.apache.cassandra.cql3.Operation$Prepend;X;
org.apache.cassandra.cql3.Operation$RawDeletion;X;
org.apache.cassandra.cql3.Operation$RawUpdate;X;
org.apache.cassandra.cql3.Operation$SetElement;X;
org.apache.cassandra.cql3.Operation$SetValue;X;
org.apache.cassandra.cql3.Operation$Substraction;X;
org.apache.cassandra.cql3.QueryHandler;X;
org.apache.cassandra.cql3.QueryOptions;X;
org.apache.cassandra.cql3.QueryOptions$Codec;X;
org.apache.cassandra.cql3.QueryOptions$DefaultQueryOptions;X;
org.apache.cassandra.cql3.QueryOptions$OptionsWithNames;X;
org.apache.cassandra.cql3.QueryOptions$QueryOptionsWrapper;X;
org.apache.cassandra.cql3.QueryOptions$SpecificOptions;X;
org.apache.cassandra.cql3.QueryProcessor;X;
org.apache.cassandra.cql3.Relation;X;
org.apache.cassandra.cql3.ResultSet;X;
org.apache.cassandra.cql3.ResultSet$Codec;X;
org.apache.cassandra.cql3.ResultSet$Metadata;X;
org.apache.cassandra.cql3.ResultSet$Metadata$Codec;X;
org.apache.cassandra.cql3.Sets;X;
org.apache.cassandra.cql3.Sets$Adder;X;
org.apache.cassandra.cql3.Sets$DelayedValue;X;
org.apache.cassandra.cql3.Sets$Discarder;X;
org.apache.cassandra.cql3.Sets$Literal;X;
org.apache.cassandra.cql3.Sets$Marker;X;
org.apache.cassandra.cql3.Sets$Setter;X;
org.apache.cassandra.cql3.Sets$Value;X;
org.apache.cassandra.cql3.SingleColumnRelation;X;
org.apache.cassandra.cql3.Term;X;
org.apache.cassandra.cql3.Term$MultiColumnRaw;X;
org.apache.cassandra.cql3.Term$MultiItemTerminal;X;
org.apache.cassandra.cql3.Term$NonTerminal;X;
org.apache.cassandra.cql3.Term$Raw;X;
org.apache.cassandra.cql3.Term$Terminal;X;
org.apache.cassandra.cql3.Tuples;X;
org.apache.cassandra.cql3.Tuples$DelayedValue;X;
org.apache.cassandra.cql3.Tuples$INRaw;X;
org.apache.cassandra.cql3.Tuples$InMarker;X;
org.apache.cassandra.cql3.Tuples$InValue;X;
org.apache.cassandra.cql3.Tuples$Literal;X;
org.apache.cassandra.cql3.Tuples$Marker;X;
org.apache.cassandra.cql3.Tuples$Raw;X;
org.apache.cassandra.cql3.Tuples$Value;X;
org.apache.cassandra.cql3.TypeCast;X;
org.apache.cassandra.cql3.UTName;X;
org.apache.cassandra.cql3.UntypedResultSet;X;
org.apache.cassandra.cql3.UntypedResultSet$FromPager;X;
org.apache.cassandra.cql3.UntypedResultSet$FromResultList;X;
org.apache.cassandra.cql3.UntypedResultSet$FromResultSet;X;
org.apache.cassandra.cql3.UntypedResultSet$Row;X;
org.apache.cassandra.cql3.UpdateParameters;X;
org.apache.cassandra.cql3.UserOptions;X;
org.apache.cassandra.cql3.UserTypes;X;
org.apache.cassandra.cql3.UserTypes$DelayedValue;X;
org.apache.cassandra.cql3.UserTypes$Literal;X;
org.apache.cassandra.cql3.VariableSpecifications;X;
org.apache.cassandra.cql3.functions.AbstractFunction;X;
org.apache.cassandra.cql3.functions.BytesConversionFcts;X;
org.apache.cassandra.cql3.functions.Function;X;
org.apache.cassandra.cql3.functions.Function$Factory;X;
org.apache.cassandra.cql3.functions.FunctionCall;X;
org.apache.cassandra.cql3.functions.FunctionCall$Raw;X;
org.apache.cassandra.cql3.functions.Functions;X;
org.apache.cassandra.cql3.functions.TimeuuidFcts;X;
org.apache.cassandra.cql3.functions.TokenFct;X;
org.apache.cassandra.cql3.functions.UuidFcts;X;
org.apache.cassandra.cql3.statements.AlterKeyspaceStatement;X;
org.apache.cassandra.cql3.statements.AlterTableStatement;X;
org.apache.cassandra.cql3.statements.AlterTypeStatement;X;
org.apache.cassandra.cql3.statements.AlterTypeStatement$AddOrAlter;X;
org.apache.cassandra.cql3.statements.AlterTypeStatement$Renames;X;
org.apache.cassandra.cql3.statements.AlterUserStatement;X;
org.apache.cassandra.cql3.statements.AuthenticationStatement;X;
org.apache.cassandra.cql3.statements.AuthorizationStatement;X;
org.apache.cassandra.cql3.statements.BatchStatement;X;
org.apache.cassandra.cql3.statements.BatchStatement$BatchVariables;X;
org.apache.cassandra.cql3.statements.BatchStatement$Parsed;X;
org.apache.cassandra.cql3.statements.CFPropDefs;X;
org.apache.cassandra.cql3.statements.CFStatement;X;
org.apache.cassandra.cql3.statements.CQL3CasConditions;X;
org.apache.cassandra.cql3.statements.CQL3CasConditions$ColumnsConditions;X;
org.apache.cassandra.cql3.statements.CQL3CasConditions$ExistCondition;X;
org.apache.cassandra.cql3.statements.CQL3CasConditions$NotExistCondition;X;
org.apache.cassandra.cql3.statements.CQL3CasConditions$RowCondition;X;
org.apache.cassandra.cql3.statements.CreateIndexStatement;X;
org.apache.cassandra.cql3.statements.CreateKeyspaceStatement;X;
org.apache.cassandra.cql3.statements.CreateTableStatement;X;
org.apache.cassandra.cql3.statements.CreateTableStatement$RawStatement;X;
org.apache.cassandra.cql3.statements.CreateTriggerStatement;X;
org.apache.cassandra.cql3.statements.CreateTypeStatement;X;
org.apache.cassandra.cql3.statements.CreateUserStatement;X;
org.apache.cassandra.cql3.statements.DeleteStatement;X;
org.apache.cassandra.cql3.statements.DeleteStatement$Parsed;X;
org.apache.cassandra.cql3.statements.DropIndexStatement;X;
org.apache.cassandra.cql3.statements.DropKeyspaceStatement;X;
org.apache.cassandra.cql3.statements.DropTableStatement;X;
org.apache.cassandra.cql3.statements.DropTriggerStatement;X;
org.apache.cassandra.cql3.statements.DropTypeStatement;X;
org.apache.cassandra.cql3.statements.DropUserStatement;X;
org.apache.cassandra.cql3.statements.GrantStatement;X;
org.apache.cassandra.cql3.statements.IndexPropDefs;X;
org.apache.cassandra.cql3.statements.IndexTarget;X;
org.apache.cassandra.cql3.statements.KSPropDefs;X;
org.apache.cassandra.cql3.statements.ListPermissionsStatement;X;
org.apache.cassandra.cql3.statements.ListUsersStatement;X;
org.apache.cassandra.cql3.statements.ModificationStatement;X;
org.apache.cassandra.cql3.statements.ModificationStatement$Parsed;X;
org.apache.cassandra.cql3.statements.MultiColumnRestriction;X;
org.apache.cassandra.cql3.statements.MultiColumnRestriction$EQ;X;
org.apache.cassandra.cql3.statements.MultiColumnRestriction$IN;X;
org.apache.cassandra.cql3.statements.MultiColumnRestriction$InWithMarker;X;
org.apache.cassandra.cql3.statements.MultiColumnRestriction$InWithValues;X;
org.apache.cassandra.cql3.statements.MultiColumnRestriction$Slice;X;
org.apache.cassandra.cql3.statements.ParsedStatement;X;
org.apache.cassandra.cql3.statements.ParsedStatement$Prepared;X;
org.apache.cassandra.cql3.statements.PermissionAlteringStatement;X;
org.apache.cassandra.cql3.statements.PropertyDefinitions;X;
org.apache.cassandra.cql3.statements.RawSelector;X;
org.apache.cassandra.cql3.statements.Restriction;X;
org.apache.cassandra.cql3.statements.Restriction$EQ;X;
org.apache.cassandra.cql3.statements.Restriction$IN;X;
org.apache.cassandra.cql3.statements.Restriction$Slice;X;
org.apache.cassandra.cql3.statements.RevokeStatement;X;
org.apache.cassandra.cql3.statements.SchemaAlteringStatement;X;
org.apache.cassandra.cql3.statements.SelectStatement;X;
org.apache.cassandra.cql3.statements.SelectStatement$CompositeComparator;X;
org.apache.cassandra.cql3.statements.SelectStatement$Parameters;X;
org.apache.cassandra.cql3.statements.SelectStatement$RawStatement;X;
org.apache.cassandra.cql3.statements.SelectStatement$SingleColumnComparator;X;
org.apache.cassandra.cql3.statements.Selectable;X;
org.apache.cassandra.cql3.statements.Selectable$WithFieldSelection;X;
org.apache.cassandra.cql3.statements.Selectable$WithFunction;X;
org.apache.cassandra.cql3.statements.Selectable$WritetimeOrTTL;X;
org.apache.cassandra.cql3.statements.Selection;X;
org.apache.cassandra.cql3.statements.Selection$FieldSelector;X;
org.apache.cassandra.cql3.statements.Selection$FunctionSelector;X;
org.apache.cassandra.cql3.statements.Selection$ResultSetBuilder;X;
org.apache.cassandra.cql3.statements.Selection$SelectionWithFunctions;X;
org.apache.cassandra.cql3.statements.Selection$Selector;X;
org.apache.cassandra.cql3.statements.Selection$SimpleSelection;X;
org.apache.cassandra.cql3.statements.Selection$SimpleSelector;X;
org.apache.cassandra.cql3.statements.Selection$WritetimeOrTTLSelector;X;
org.apache.cassandra.cql3.statements.SingleColumnRestriction;X;
org.apache.cassandra.cql3.statements.SingleColumnRestriction$Contains;X;
org.apache.cassandra.cql3.statements.SingleColumnRestriction$EQ;X;
org.apache.cassandra.cql3.statements.SingleColumnRestriction$InWithMarker;X;
org.apache.cassandra.cql3.statements.SingleColumnRestriction$InWithValues;X;
org.apache.cassandra.cql3.statements.SingleColumnRestriction$Slice;X;
org.apache.cassandra.cql3.statements.TruncateStatement;X;
org.apache.cassandra.cql3.statements.UpdateStatement;X;
org.apache.cassandra.cql3.statements.UpdateStatement$ParsedInsert;X;
org.apache.cassandra.cql3.statements.UpdateStatement$ParsedUpdate;X;
org.apache.cassandra.cql3.statements.UseStatement;X;
org.apache.cassandra.db.AbstractCell;X;
org.apache.cassandra.db.AbstractNativeCell;X;
org.apache.cassandra.db.AbstractRangeCommand;X;
org.apache.cassandra.db.ArrayBackedSortedColumns;X;
org.apache.cassandra.db.ArrayBackedSortedColumns$BackwardsCellIterator;X;
org.apache.cassandra.db.ArrayBackedSortedColumns$CellCollection;X;
org.apache.cassandra.db.ArrayBackedSortedColumns$ForwardsCellIterator;X;
org.apache.cassandra.db.ArrayBackedSortedColumns$SlicesIterator;X;
org.apache.cassandra.db.AtomDeserializer;X;
org.apache.cassandra.db.AtomicBTreeColumns;X;
org.apache.cassandra.db.AtomicBTreeColumns$ColumnUpdater;X;
org.apache.cassandra.db.AtomicBTreeColumns$Holder;X;
org.apache.cassandra.db.AtomicBTreeColumns$SliceIterator;X;
org.apache.cassandra.db.BatchlogManager;X;
org.apache.cassandra.db.BatchlogManager$Batch;X;
org.apache.cassandra.db.BatchlogManager$Batch$ReplayWriteResponseHandler;X;
org.apache.cassandra.db.BatchlogManager$EndpointFilter;X;
org.apache.cassandra.db.BatchlogManagerMBean;X;
org.apache.cassandra.db.BlacklistedDirectories;X;
org.apache.cassandra.db.BlacklistedDirectoriesMBean;X;
org.apache.cassandra.db.BufferCell;X;
org.apache.cassandra.db.BufferCounterCell;X;
org.apache.cassandra.db.BufferCounterUpdateCell;X;
org.apache.cassandra.db.BufferDecoratedKey;X;
org.apache.cassandra.db.BufferDeletedCell;X;
org.apache.cassandra.db.BufferExpiringCell;X;
org.apache.cassandra.db.CFRowAdder;X;
org.apache.cassandra.db.Cell;X;
org.apache.cassandra.db.ClockAndCount;X;
org.apache.cassandra.db.CollationController;X;
org.apache.cassandra.db.ColumnFamily;X;
org.apache.cassandra.db.ColumnFamily$Factory;X;
org.apache.cassandra.db.ColumnFamilyNotDefinedException;X;
org.apache.cassandra.db.ColumnFamilySerializer;X;
org.apache.cassandra.db.ColumnFamilyStore;X;
org.apache.cassandra.db.ColumnFamilyStore$AbstractScanIterator;X;
org.apache.cassandra.db.ColumnFamilyStore$Flush;X;
org.apache.cassandra.db.ColumnFamilyStore$FlushLargestColumnFamily;X;
org.apache.cassandra.db.ColumnFamilyStore$PostFlush;X;
org.apache.cassandra.db.ColumnFamilyStore$ViewFragment;X;
org.apache.cassandra.db.ColumnFamilyStoreMBean;X;
org.apache.cassandra.db.ColumnIndex;X;
org.apache.cassandra.db.ColumnIndex$Builder;X;
org.apache.cassandra.db.ColumnSerializer;X;
org.apache.cassandra.db.ColumnSerializer$CorruptColumnException;X;
org.apache.cassandra.db.CounterCell;X;
org.apache.cassandra.db.CounterMutation;X;
org.apache.cassandra.db.CounterMutation$CounterMutationSerializer;X;
org.apache.cassandra.db.CounterMutationVerbHandler;X;
org.apache.cassandra.db.CounterUpdateCell;X;
org.apache.cassandra.db.DataRange;X;
org.apache.cassandra.db.DataRange$Paging;X;
org.apache.cassandra.db.DataTracker;X;
org.apache.cassandra.db.DataTracker$SSTableIntervalTree;X;
org.apache.cassandra.db.DataTracker$View;X;
org.apache.cassandra.db.DecoratedKey;X;
org.apache.cassandra.db.DefinitionsUpdateVerbHandler;X;
org.apache.cassandra.db.DefsTables;X;
org.apache.cassandra.db.DeletedCell;X;
org.apache.cassandra.db.DeletionInfo;X;
org.apache.cassandra.db.DeletionInfo$InOrderTester;X;
org.apache.cassandra.db.DeletionInfo$Serializer;X;
org.apache.cassandra.db.DeletionTime;X;
org.apache.cassandra.db.DeletionTime$Serializer;X;
org.apache.cassandra.db.Directories;X;
org.apache.cassandra.db.Directories$DataDirectory;X;
org.apache.cassandra.db.Directories$SSTableLister;X;
org.apache.cassandra.db.Directories$TrueFilesSizeVisitor;X;
org.apache.cassandra.db.ExpiringCell;X;
org.apache.cassandra.db.HintedHandOffManager;X;
org.apache.cassandra.db.HintedHandOffManagerMBean;X;
org.apache.cassandra.db.IMutation;X;
org.apache.cassandra.db.IndexExpression;X;
org.apache.cassandra.db.Keyspace;X;
org.apache.cassandra.db.KeyspaceNotDefinedException;X;
org.apache.cassandra.db.Memtable;X;
org.apache.cassandra.db.Memtable$FlushRunnable;X;
org.apache.cassandra.db.MigrationRequestVerbHandler;X;
org.apache.cassandra.db.Mutation;X;
org.apache.cassandra.db.Mutation$MutationSerializer;X;
org.apache.cassandra.db.MutationVerbHandler;X;
org.apache.cassandra.db.NativeCell;X;
org.apache.cassandra.db.NativeCounterCell;X;
org.apache.cassandra.db.NativeDecoratedKey;X;
org.apache.cassandra.db.NativeDeletedCell;X;
org.apache.cassandra.db.NativeExpiringCell;X;
org.apache.cassandra.db.OnDiskAtom;X;
org.apache.cassandra.db.OnDiskAtom$Serializer;X;
org.apache.cassandra.db.PagedRangeCommand;X;
org.apache.cassandra.db.PagedRangeCommand$Serializer;X;
org.apache.cassandra.db.RangeSliceCommand;X;
org.apache.cassandra.db.RangeSliceCommandSerializer;X;
org.apache.cassandra.db.RangeSliceReply;X;
org.apache.cassandra.db.RangeSliceReply$RangeSliceReplySerializer;X;
org.apache.cassandra.db.RangeTombstone;X;
org.apache.cassandra.db.RangeTombstone$Serializer;X;
org.apache.cassandra.db.RangeTombstone$Tracker;X;
org.apache.cassandra.db.RangeTombstoneList;X;
org.apache.cassandra.db.RangeTombstoneList$InOrderTester;X;
org.apache.cassandra.db.RangeTombstoneList$Serializer;X;
org.apache.cassandra.db.ReadCommand;X;
org.apache.cassandra.db.ReadCommandSerializer;X;
org.apache.cassandra.db.ReadRepairVerbHandler;X;
org.apache.cassandra.db.ReadResponse;X;
org.apache.cassandra.db.ReadResponseSerializer;X;
org.apache.cassandra.db.ReadVerbHandler;X;
org.apache.cassandra.db.RetriedSliceFromReadCommand;X;
org.apache.cassandra.db.Row;X;
org.apache.cassandra.db.Row$RowSerializer;X;
org.apache.cassandra.db.RowIndexEntry;X;
org.apache.cassandra.db.RowIndexEntry$IndexedEntry;X;
org.apache.cassandra.db.RowIndexEntry$Serializer;X;
org.apache.cassandra.db.RowIteratorFactory;X;
org.apache.cassandra.db.RowIteratorFactory$ConvertToColumnIterator;X;
org.apache.cassandra.db.RowPosition;X;
org.apache.cassandra.db.RowPosition$ForKey;X;
org.apache.cassandra.db.RowPosition$RowPositionSerializer;X;
org.apache.cassandra.db.SchemaCheckVerbHandler;X;
org.apache.cassandra.db.SliceByNamesReadCommand;X;
org.apache.cassandra.db.SliceByNamesReadCommandSerializer;X;
org.apache.cassandra.db.SliceFromReadCommand;X;
org.apache.cassandra.db.SliceFromReadCommandSerializer;X;
org.apache.cassandra.db.SnapshotCommand;X;
org.apache.cassandra.db.SnapshotCommandSerializer;X;
org.apache.cassandra.db.SnapshotDetailsTabularData;X;
org.apache.cassandra.db.SuperColumns;X;
org.apache.cassandra.db.SuperColumns$SCIterator;X;
org.apache.cassandra.db.SystemKeyspace;X;
org.apache.cassandra.db.TruncateResponse;X;
org.apache.cassandra.db.TruncateResponse$TruncateResponseSerializer;X;
org.apache.cassandra.db.TruncateVerbHandler;X;
org.apache.cassandra.db.Truncation;X;
org.apache.cassandra.db.TruncationSerializer;X;
org.apache.cassandra.db.TypeSizes;X;
org.apache.cassandra.db.TypeSizes$NativeDBTypeSizes;X;
org.apache.cassandra.db.TypeSizes$VIntEncodedTypeSizes;X;
org.apache.cassandra.db.UnknownColumnFamilyException;X;
org.apache.cassandra.db.WriteResponse;X;
org.apache.cassandra.db.WriteResponse$WriteResponseSerializer;X;
org.apache.cassandra.db.columniterator.IColumnIteratorFactory;X;
org.apache.cassandra.db.columniterator.IdentityQueryFilter;X;
org.apache.cassandra.db.columniterator.IndexedSliceReader;X;
org.apache.cassandra.db.columniterator.IndexedSliceReader$BlockFetcher;X;
org.apache.cassandra.db.columniterator.IndexedSliceReader$IndexedBlockFetcher;X;
org.apache.cassandra.db.columniterator.IndexedSliceReader$SimpleBlockFetcher;X;
org.apache.cassandra.db.columniterator.LazyColumnIterator;X;
org.apache.cassandra.db.columniterator.OnDiskAtomIterator;X;
org.apache.cassandra.db.columniterator.SSTableNamesIterator;X;
org.apache.cassandra.db.columniterator.SSTableSliceIterator;X;
org.apache.cassandra.db.columniterator.SimpleSliceReader;X;
org.apache.cassandra.db.commitlog.AbstractCommitLogService;X;
org.apache.cassandra.db.commitlog.BatchCommitLogService;X;
org.apache.cassandra.db.commitlog.CommitLog;X;
org.apache.cassandra.db.commitlog.CommitLogArchiver;X;
org.apache.cassandra.db.commitlog.CommitLogDescriptor;X;
org.apache.cassandra.db.commitlog.CommitLogMBean;X;
org.apache.cassandra.db.commitlog.CommitLogReplayer;X;
org.apache.cassandra.db.commitlog.CommitLogReplayer$AlwaysReplayFilter;X;
org.apache.cassandra.db.commitlog.CommitLogReplayer$CustomReplayFilter;X;
org.apache.cassandra.db.commitlog.CommitLogReplayer$ReplayFilter;X;
org.apache.cassandra.db.commitlog.CommitLogSegment;X;
org.apache.cassandra.db.commitlog.CommitLogSegment$Allocation;X;
org.apache.cassandra.db.commitlog.CommitLogSegment$CommitLogSegmentFileComparator;X;
org.apache.cassandra.db.commitlog.CommitLogSegmentManager;X;
org.apache.cassandra.db.commitlog.PeriodicCommitLogService;X;
org.apache.cassandra.db.commitlog.ReplayPosition;X;
org.apache.cassandra.db.commitlog.ReplayPosition$ReplayPositionSerializer;X;
org.apache.cassandra.db.compaction.AbstractCompactedRow;X;
org.apache.cassandra.db.compaction.AbstractCompactionIterable;X;
org.apache.cassandra.db.compaction.AbstractCompactionStrategy;X;
org.apache.cassandra.db.compaction.AbstractCompactionTask;X;
org.apache.cassandra.db.compaction.CompactionController;X;
org.apache.cassandra.db.compaction.CompactionHistoryTabularData;X;
org.apache.cassandra.db.compaction.CompactionInfo;X;
org.apache.cassandra.db.compaction.CompactionInfo$Holder;X;
org.apache.cassandra.db.compaction.CompactionInterruptedException;X;
org.apache.cassandra.db.compaction.CompactionIterable;X;
org.apache.cassandra.db.compaction.CompactionIterable$Reducer;X;
org.apache.cassandra.db.compaction.CompactionManager;X;
org.apache.cassandra.db.compaction.CompactionManager$BackgroundCompactionTask;X;
org.apache.cassandra.db.compaction.CompactionManager$CacheCleanupExecutor;X;
org.apache.cassandra.db.compaction.CompactionManager$CleanupInfo;X;
org.apache.cassandra.db.compaction.CompactionManager$CleanupStrategy;X;
org.apache.cassandra.db.compaction.CompactionManager$CleanupStrategy$Bounded;X;
org.apache.cassandra.db.compaction.CompactionManager$CleanupStrategy$Full;X;
org.apache.cassandra.db.compaction.CompactionManager$CompactionExecutor;X;
org.apache.cassandra.db.compaction.CompactionManager$CompactionExecutorStatsCollector;X;
org.apache.cassandra.db.compaction.CompactionManager$OneSSTableOperation;X;
org.apache.cassandra.db.compaction.CompactionManager$ValidationCompactionController;X;
org.apache.cassandra.db.compaction.CompactionManager$ValidationCompactionIterable;X;
org.apache.cassandra.db.compaction.CompactionManager$ValidationExecutor;X;
org.apache.cassandra.db.compaction.CompactionManagerMBean;X;
org.apache.cassandra.db.compaction.CompactionTask;X;
org.apache.cassandra.db.compaction.ICompactionScanner;X;
org.apache.cassandra.db.compaction.LazilyCompactedRow;X;
org.apache.cassandra.db.compaction.LazilyCompactedRow$Reducer;X;
org.apache.cassandra.db.compaction.LeveledCompactionStrategy;X;
org.apache.cassandra.db.compaction.LeveledCompactionStrategy$LeveledScanner;X;
org.apache.cassandra.db.compaction.LeveledCompactionTask;X;
org.apache.cassandra.db.compaction.LeveledManifest;X;
org.apache.cassandra.db.compaction.LeveledManifest$CompactionCandidate;X;
org.apache.cassandra.db.compaction.SSTableSplitter;X;
org.apache.cassandra.db.compaction.SSTableSplitter$SplitController;X;
org.apache.cassandra.db.compaction.SSTableSplitter$SplittingCompactionTask;X;
org.apache.cassandra.db.compaction.SSTableSplitter$StatsCollector;X;
org.apache.cassandra.db.compaction.Scrubber;X;
org.apache.cassandra.db.compaction.Scrubber$ScrubController;X;
org.apache.cassandra.db.compaction.Scrubber$ScrubInfo;X;
org.apache.cassandra.db.compaction.SizeTieredCompactionStrategy;X;
org.apache.cassandra.db.compaction.SizeTieredCompactionStrategyOptions;X;
org.apache.cassandra.db.compaction.Upgrader;X;
org.apache.cassandra.db.compaction.Upgrader$UpgradeController;X;
org.apache.cassandra.db.composites.AbstractCType;X;
org.apache.cassandra.db.composites.AbstractCType$Serializer;X;
org.apache.cassandra.db.composites.AbstractCellNameType;X;
org.apache.cassandra.db.composites.AbstractCellNameType$CQL3RowOfSparse;X;
org.apache.cassandra.db.composites.AbstractCellNameType$DenseRowIterator;X;
org.apache.cassandra.db.composites.AbstractCellNameType$SparseRowIterator;X;
org.apache.cassandra.db.composites.AbstractComposite;X;
org.apache.cassandra.db.composites.AbstractCompoundCellNameType;X;
org.apache.cassandra.db.composites.AbstractCompoundCellNameType$CompositeDeserializer;X;
org.apache.cassandra.db.composites.AbstractSimpleCellNameType;X;
org.apache.cassandra.db.composites.AbstractSimpleCellNameType$SimpleDeserializer;X;
org.apache.cassandra.db.composites.BoundedComposite;X;
org.apache.cassandra.db.composites.CBuilder;X;
org.apache.cassandra.db.composites.CType;X;
org.apache.cassandra.db.composites.CType$Serializer;X;
org.apache.cassandra.db.composites.CellName;X;
org.apache.cassandra.db.composites.CellNameType;X;
org.apache.cassandra.db.composites.CellNameType$Deserializer;X;
org.apache.cassandra.db.composites.CellNames;X;
org.apache.cassandra.db.composites.Composite;X;
org.apache.cassandra.db.composites.Composites;X;
org.apache.cassandra.db.composites.Composites$EmptyComposite;X;
org.apache.cassandra.db.composites.CompoundCType;X;
org.apache.cassandra.db.composites.CompoundCType$CompoundCBuilder;X;
org.apache.cassandra.db.composites.CompoundComposite;X;
org.apache.cassandra.db.composites.CompoundDenseCellName;X;
org.apache.cassandra.db.composites.CompoundDenseCellNameType;X;
org.apache.cassandra.db.composites.CompoundSparseCellName;X;
org.apache.cassandra.db.composites.CompoundSparseCellName$WithCollection;X;
org.apache.cassandra.db.composites.CompoundSparseCellNameType;X;
org.apache.cassandra.db.composites.CompoundSparseCellNameType$WithCollection;X;
org.apache.cassandra.db.composites.SimpleCType;X;
org.apache.cassandra.db.composites.SimpleCType$SimpleCBuilder;X;
org.apache.cassandra.db.composites.SimpleComposite;X;
org.apache.cassandra.db.composites.SimpleDenseCellName;X;
org.apache.cassandra.db.composites.SimpleDenseCellNameType;X;
org.apache.cassandra.db.composites.SimpleSparseCellName;X;
org.apache.cassandra.db.composites.SimpleSparseCellNameType;X;
org.apache.cassandra.db.composites.SimpleSparseInternedCellName;X;
org.apache.cassandra.db.context.CounterContext;X;
org.apache.cassandra.db.context.CounterContext$ContextState;X;
org.apache.cassandra.db.context.CounterContext$LazyHolder;X;
org.apache.cassandra.db.filter.ColumnCounter;X;
org.apache.cassandra.db.filter.ColumnCounter$GroupByPrefix;X;
org.apache.cassandra.db.filter.ColumnSlice;X;
org.apache.cassandra.db.filter.ColumnSlice$Serializer;X;
org.apache.cassandra.db.filter.ExtendedFilter;X;
org.apache.cassandra.db.filter.ExtendedFilter$EmptyClauseFilter;X;
org.apache.cassandra.db.filter.ExtendedFilter$WithClauses;X;
org.apache.cassandra.db.filter.IDiskAtomFilter;X;
org.apache.cassandra.db.filter.IDiskAtomFilter$Serializer;X;
org.apache.cassandra.db.filter.NamesQueryFilter;X;
org.apache.cassandra.db.filter.NamesQueryFilter$ByNameColumnIterator;X;
org.apache.cassandra.db.filter.NamesQueryFilter$Serializer;X;
org.apache.cassandra.db.filter.QueryFilter;X;
org.apache.cassandra.db.filter.SliceQueryFilter;X;
org.apache.cassandra.db.filter.SliceQueryFilter$Serializer;X;
org.apache.cassandra.db.filter.TombstoneOverwhelmingException;X;
org.apache.cassandra.db.index.AbstractSimplePerColumnSecondaryIndex;X;
org.apache.cassandra.db.index.PerColumnSecondaryIndex;X;
org.apache.cassandra.db.index.PerRowSecondaryIndex;X;
org.apache.cassandra.db.index.SecondaryIndex;X;
org.apache.cassandra.db.index.SecondaryIndexBuilder;X;
org.apache.cassandra.db.index.SecondaryIndexManager;X;
org.apache.cassandra.db.index.SecondaryIndexManager$GCUpdater;X;
org.apache.cassandra.db.index.SecondaryIndexManager$StandardUpdater;X;
org.apache.cassandra.db.index.SecondaryIndexManager$Updater;X;
org.apache.cassandra.db.index.SecondaryIndexSearcher;X;
org.apache.cassandra.db.index.composites.CompositesIndex;X;
org.apache.cassandra.db.index.composites.CompositesIndex$IndexedEntry;X;
org.apache.cassandra.db.index.composites.CompositesIndexOnClusteringKey;X;
org.apache.cassandra.db.index.composites.CompositesIndexOnCollectionKey;X;
org.apache.cassandra.db.index.composites.CompositesIndexOnCollectionValue;X;
org.apache.cassandra.db.index.composites.CompositesIndexOnPartitionKey;X;
org.apache.cassandra.db.index.composites.CompositesIndexOnRegular;X;
org.apache.cassandra.db.index.composites.CompositesSearcher;X;
org.apache.cassandra.db.index.keys.KeysIndex;X;
org.apache.cassandra.db.index.keys.KeysSearcher;X;
org.apache.cassandra.db.marshal.AbstractCompositeType;X;
org.apache.cassandra.db.marshal.AbstractCompositeType$CompositeComponent;X;
org.apache.cassandra.db.marshal.AbstractCompositeType$ParsedComparator;X;
org.apache.cassandra.db.marshal.AbstractType;X;
org.apache.cassandra.db.marshal.AsciiType;X;
org.apache.cassandra.db.marshal.BooleanType;X;
org.apache.cassandra.db.marshal.BytesType;X;
org.apache.cassandra.db.marshal.CollectionType;X;
org.apache.cassandra.db.marshal.ColumnToCollectionType;X;
org.apache.cassandra.db.marshal.CompositeType;X;
org.apache.cassandra.db.marshal.CompositeType$Builder;X;
org.apache.cassandra.db.marshal.CompositeType$StaticParsedComparator;X;
org.apache.cassandra.db.marshal.CounterColumnType;X;
org.apache.cassandra.db.marshal.DateType;X;
org.apache.cassandra.db.marshal.DecimalType;X;
org.apache.cassandra.db.marshal.DoubleType;X;
org.apache.cassandra.db.marshal.DynamicCompositeType;X;
org.apache.cassandra.db.marshal.DynamicCompositeType$DynamicParsedComparator;X;
org.apache.cassandra.db.marshal.DynamicCompositeType$FixedValueComparator;X;
org.apache.cassandra.db.marshal.EmptyType;X;
org.apache.cassandra.db.marshal.FloatType;X;
org.apache.cassandra.db.marshal.InetAddressType;X;
org.apache.cassandra.db.marshal.Int32Type;X;
org.apache.cassandra.db.marshal.IntegerType;X;
org.apache.cassandra.db.marshal.LexicalUUIDType;X;
org.apache.cassandra.db.marshal.ListType;X;
org.apache.cassandra.db.marshal.LocalByPartionerType;X;
org.apache.cassandra.db.marshal.LongType;X;
org.apache.cassandra.db.marshal.MapType;X;
org.apache.cassandra.db.marshal.ReversedType;X;
org.apache.cassandra.db.marshal.SetType;X;
org.apache.cassandra.db.marshal.TimeUUIDType;X;
org.apache.cassandra.db.marshal.TimestampType;X;
org.apache.cassandra.db.marshal.TupleType;X;
org.apache.cassandra.db.marshal.TypeParser;X;
org.apache.cassandra.db.marshal.UTF8Type;X;
org.apache.cassandra.db.marshal.UUIDType;X;
org.apache.cassandra.db.marshal.UserType;X;
org.apache.cassandra.dht.AbstractBounds;X;
org.apache.cassandra.dht.AbstractBounds$AbstractBoundsSerializer;X;
org.apache.cassandra.dht.AbstractByteOrderedPartitioner;X;
org.apache.cassandra.dht.AbstractPartitioner;X;
org.apache.cassandra.dht.BigIntegerToken;X;
org.apache.cassandra.dht.BootStrapper;X;
org.apache.cassandra.dht.BootStrapper$StringSerializer;X;
org.apache.cassandra.dht.Bounds;X;
org.apache.cassandra.dht.ByteOrderedPartitioner;X;
org.apache.cassandra.dht.BytesToken;X;
org.apache.cassandra.dht.ExcludingBounds;X;
org.apache.cassandra.dht.IPartitioner;X;
org.apache.cassandra.dht.IncludingExcludingBounds;X;
org.apache.cassandra.dht.LocalPartitioner;X;
org.apache.cassandra.dht.LocalToken;X;
org.apache.cassandra.dht.LongToken;X;
org.apache.cassandra.dht.Murmur3Partitioner;X;
org.apache.cassandra.dht.OrderPreservingPartitioner;X;
org.apache.cassandra.dht.RandomPartitioner;X;
org.apache.cassandra.dht.Range;X;
org.apache.cassandra.dht.RangeStreamer;X;
org.apache.cassandra.dht.RangeStreamer$FailureDetectorSourceFilter;X;
org.apache.cassandra.dht.RangeStreamer$ISourceFilter;X;
org.apache.cassandra.dht.RangeStreamer$SingleDatacenterFilter;X;
org.apache.cassandra.dht.RingPosition;X;
org.apache.cassandra.dht.StringToken;X;
org.apache.cassandra.dht.Token;X;
org.apache.cassandra.dht.Token$KeyBound;X;
org.apache.cassandra.dht.Token$TokenFactory;X;
org.apache.cassandra.dht.Token$TokenSerializer;X;
org.apache.cassandra.exceptions.AlreadyExistsException;X;
org.apache.cassandra.exceptions.AuthenticationException;X;
org.apache.cassandra.exceptions.CassandraException;X;
org.apache.cassandra.exceptions.ConfigurationException;X;
org.apache.cassandra.exceptions.InvalidRequestException;X;
org.apache.cassandra.exceptions.IsBootstrappingException;X;
org.apache.cassandra.exceptions.OverloadedException;X;
org.apache.cassandra.exceptions.PreparedQueryNotFoundException;X;
org.apache.cassandra.exceptions.ReadTimeoutException;X;
org.apache.cassandra.exceptions.RepairException;X;
org.apache.cassandra.exceptions.RequestExecutionException;X;
org.apache.cassandra.exceptions.RequestTimeoutException;X;
org.apache.cassandra.exceptions.RequestValidationException;X;
org.apache.cassandra.exceptions.SyntaxException;X;
org.apache.cassandra.exceptions.TransportException;X;
org.apache.cassandra.exceptions.TruncateException;X;
org.apache.cassandra.exceptions.UnauthorizedException;X;
org.apache.cassandra.exceptions.UnavailableException;X;
org.apache.cassandra.exceptions.WriteTimeoutException;X;
org.apache.cassandra.gms.ArrivalWindow;X;
org.apache.cassandra.gms.EchoMessage;X;
org.apache.cassandra.gms.EchoMessage$EchoMessageSerializer;X;
org.apache.cassandra.gms.EndpointState;X;
org.apache.cassandra.gms.EndpointStateSerializer;X;
org.apache.cassandra.gms.FailureDetector;X;
org.apache.cassandra.gms.FailureDetectorMBean;X;
org.apache.cassandra.gms.GossipDigest;X;
org.apache.cassandra.gms.GossipDigestAck;X;
org.apache.cassandra.gms.GossipDigestAck2;X;
org.apache.cassandra.gms.GossipDigestAck2Serializer;X;
org.apache.cassandra.gms.GossipDigestAck2VerbHandler;X;
org.apache.cassandra.gms.GossipDigestAckSerializer;X;
org.apache.cassandra.gms.GossipDigestAckVerbHandler;X;
org.apache.cassandra.gms.GossipDigestSerializationHelper;X;
org.apache.cassandra.gms.GossipDigestSerializer;X;
org.apache.cassandra.gms.GossipDigestSyn;X;
org.apache.cassandra.gms.GossipDigestSynSerializer;X;
org.apache.cassandra.gms.GossipDigestSynVerbHandler;X;
org.apache.cassandra.gms.GossipShutdownVerbHandler;X;
org.apache.cassandra.gms.Gossiper;X;
org.apache.cassandra.gms.Gossiper$GossipTask;X;
org.apache.cassandra.gms.GossiperMBean;X;
org.apache.cassandra.gms.HeartBeatState;X;
org.apache.cassandra.gms.HeartBeatStateSerializer;X;
org.apache.cassandra.gms.IEndpointStateChangeSubscriber;X;
org.apache.cassandra.gms.IFailureDetectionEventListener;X;
org.apache.cassandra.gms.IFailureDetector;X;
org.apache.cassandra.gms.TokenSerializer;X;
org.apache.cassandra.gms.VersionGenerator;X;
org.apache.cassandra.gms.VersionedValue;X;
org.apache.cassandra.gms.VersionedValue$VersionedValueFactory;X;
org.apache.cassandra.gms.VersionedValue$VersionedValueSerializer;X;
org.apache.cassandra.hadoop.AbstractColumnFamilyInputFormat;X;
org.apache.cassandra.hadoop.AbstractColumnFamilyInputFormat$SplitCallable;X;
org.apache.cassandra.hadoop.AbstractColumnFamilyOutputFormat;X;
org.apache.cassandra.hadoop.AbstractColumnFamilyOutputFormat$NullOutputCommitter;X;
org.apache.cassandra.hadoop.AbstractColumnFamilyRecordWriter;X;
org.apache.cassandra.hadoop.AbstractColumnFamilyRecordWriter$AbstractRangeClient;X;
org.apache.cassandra.hadoop.BulkOutputFormat;X;
org.apache.cassandra.hadoop.BulkOutputFormat$NullOutputCommitter;X;
org.apache.cassandra.hadoop.BulkRecordWriter;X;
org.apache.cassandra.hadoop.BulkRecordWriter$ExternalClient;X;
org.apache.cassandra.hadoop.BulkRecordWriter$NullOutputHandler;X;
org.apache.cassandra.hadoop.ColumnFamilyInputFormat;X;
org.apache.cassandra.hadoop.ColumnFamilyOutputFormat;X;
org.apache.cassandra.hadoop.ColumnFamilyRecordReader;X;
org.apache.cassandra.hadoop.ColumnFamilyRecordReader$RowIterator;X;
org.apache.cassandra.hadoop.ColumnFamilyRecordReader$StaticRowIterator;X;
org.apache.cassandra.hadoop.ColumnFamilyRecordReader$WideRowIterator;X;
org.apache.cassandra.hadoop.ColumnFamilyRecordReader$WideRowIterator$WideColumnIterator;X;
org.apache.cassandra.hadoop.ColumnFamilyRecordWriter;X;
org.apache.cassandra.hadoop.ColumnFamilyRecordWriter$RangeClient;X;
org.apache.cassandra.hadoop.ColumnFamilySplit;X;
org.apache.cassandra.hadoop.ConfigHelper;X;
org.apache.cassandra.hadoop.HadoopCompat;X;
org.apache.cassandra.hadoop.ReporterWrapper;X;
org.apache.cassandra.hadoop.cql3.CqlConfigHelper;X;
org.apache.cassandra.hadoop.cql3.CqlInputFormat;X;
org.apache.cassandra.hadoop.cql3.CqlOutputFormat;X;
org.apache.cassandra.hadoop.cql3.CqlRecordReader;X;
org.apache.cassandra.hadoop.cql3.CqlRecordReader$RowIterator;X;
org.apache.cassandra.hadoop.cql3.CqlRecordReader$WrappedRow;X;
org.apache.cassandra.hadoop.cql3.CqlRecordWriter;X;
org.apache.cassandra.hadoop.cql3.CqlRecordWriter$RangeClient;X;
org.apache.cassandra.hadoop.pig.AbstractCassandraStorage;X;
org.apache.cassandra.hadoop.pig.AbstractCassandraStorage$CfInfo;X;
org.apache.cassandra.hadoop.pig.CassandraStorage;X;
org.apache.cassandra.hadoop.pig.CqlNativeStorage;X;
org.apache.cassandra.hadoop.pig.CqlStorage;X;
org.apache.cassandra.io.FSError;X;
org.apache.cassandra.io.FSReadError;X;
org.apache.cassandra.io.FSWriteError;X;
org.apache.cassandra.io.ISSTableSerializer;X;
org.apache.cassandra.io.ISerializer;X;
org.apache.cassandra.io.IVersionedSerializer;X;
org.apache.cassandra.io.compress.CompressedRandomAccessReader;X;
org.apache.cassandra.io.compress.CompressedSequentialWriter;X;
org.apache.cassandra.io.compress.CompressedSequentialWriter$CompressedFileWriterMark;X;
org.apache.cassandra.io.compress.CompressedThrottledReader;X;
org.apache.cassandra.io.compress.CompressionMetadata;X;
org.apache.cassandra.io.compress.CompressionMetadata$Chunk;X;
org.apache.cassandra.io.compress.CompressionMetadata$ChunkSerializer;X;
org.apache.cassandra.io.compress.CompressionMetadata$Writer;X;
org.apache.cassandra.io.compress.CompressionParameters;X;
org.apache.cassandra.io.compress.CompressionParameters$Serializer;X;
org.apache.cassandra.io.compress.CorruptBlockException;X;
org.apache.cassandra.io.compress.DeflateCompressor;X;
org.apache.cassandra.io.compress.ICompressor;X;
org.apache.cassandra.io.compress.ICompressor$WrappedArray;X;
org.apache.cassandra.io.compress.LZ4Compressor;X;
org.apache.cassandra.io.compress.SnappyCompressor;X;
org.apache.cassandra.io.sstable.AbstractSSTableSimpleWriter;X;
org.apache.cassandra.io.sstable.BloomFilterTracker;X;
org.apache.cassandra.io.sstable.CQLSSTableWriter;X;
org.apache.cassandra.io.sstable.CQLSSTableWriter$Builder;X;
org.apache.cassandra.io.sstable.ColumnNameHelper;X;
org.apache.cassandra.io.sstable.ColumnStats;X;
org.apache.cassandra.io.sstable.Component;X;
org.apache.cassandra.io.sstable.CorruptSSTableException;X;
org.apache.cassandra.io.sstable.Descriptor;X;
org.apache.cassandra.io.sstable.Descriptor$Version;X;
org.apache.cassandra.io.sstable.Downsampling;X;
org.apache.cassandra.io.sstable.IndexHelper;X;
org.apache.cassandra.io.sstable.IndexHelper$IndexInfo;X;
org.apache.cassandra.io.sstable.IndexHelper$IndexInfo$Serializer;X;
org.apache.cassandra.io.sstable.IndexSummary;X;
org.apache.cassandra.io.sstable.IndexSummary$IndexSummarySerializer;X;
org.apache.cassandra.io.sstable.IndexSummaryBuilder;X;
org.apache.cassandra.io.sstable.IndexSummaryManager;X;
org.apache.cassandra.io.sstable.IndexSummaryManager$ResampleEntry;X;
org.apache.cassandra.io.sstable.IndexSummaryManagerMBean;X;
org.apache.cassandra.io.sstable.KeyIterator;X;
org.apache.cassandra.io.sstable.ReducingKeyIterator;X;
org.apache.cassandra.io.sstable.SSTable;X;
org.apache.cassandra.io.sstable.SSTableDeletingTask;X;
org.apache.cassandra.io.sstable.SSTableIdentityIterator;X;
org.apache.cassandra.io.sstable.SSTableLoader;X;
org.apache.cassandra.io.sstable.SSTableLoader$Client;X;
org.apache.cassandra.io.sstable.SSTableReader;X;
org.apache.cassandra.io.sstable.SSTableReader$EmptyCompactionScanner;X;
org.apache.cassandra.io.sstable.SSTableReader$Operator;X;
org.apache.cassandra.io.sstable.SSTableReader$Operator$Equals;X;
org.apache.cassandra.io.sstable.SSTableReader$Operator$GreaterThan;X;
org.apache.cassandra.io.sstable.SSTableReader$Operator$GreaterThanOrEqualTo;X;
org.apache.cassandra.io.sstable.SSTableReader$SizeComparator;X;
org.apache.cassandra.io.sstable.SSTableRewriter;X;
org.apache.cassandra.io.sstable.SSTableScanner;X;
org.apache.cassandra.io.sstable.SSTableScanner$KeyScanningIterator;X;
org.apache.cassandra.io.sstable.SSTableSimpleUnsortedWriter;X;
org.apache.cassandra.io.sstable.SSTableSimpleUnsortedWriter$Buffer;X;
org.apache.cassandra.io.sstable.SSTableSimpleUnsortedWriter$DiskWriter;X;
org.apache.cassandra.io.sstable.SSTableSimpleWriter;X;
org.apache.cassandra.io.sstable.SSTableWriter;X;
org.apache.cassandra.io.sstable.SSTableWriter$IndexWriter;X;
org.apache.cassandra.io.sstable.metadata.CompactionMetadata;X;
org.apache.cassandra.io.sstable.metadata.CompactionMetadata$CompactionMetadataSerializer;X;
org.apache.cassandra.io.sstable.metadata.IMetadataComponentSerializer;X;
org.apache.cassandra.io.sstable.metadata.IMetadataSerializer;X;
org.apache.cassandra.io.sstable.metadata.LegacyMetadataSerializer;X;
org.apache.cassandra.io.sstable.metadata.MetadataCollector;X;
org.apache.cassandra.io.sstable.metadata.MetadataComponent;X;
org.apache.cassandra.io.sstable.metadata.MetadataSerializer;X;
org.apache.cassandra.io.sstable.metadata.StatsMetadata;X;
org.apache.cassandra.io.sstable.metadata.StatsMetadata$StatsMetadataSerializer;X;
org.apache.cassandra.io.sstable.metadata.ValidationMetadata;X;
org.apache.cassandra.io.sstable.metadata.ValidationMetadata$ValidationMetadataSerializer;X;
org.apache.cassandra.io.util.AbstractDataInput;X;
org.apache.cassandra.io.util.AbstractDataOutput;X;
org.apache.cassandra.io.util.BufferedPoolingSegmentedFile;X;
org.apache.cassandra.io.util.BufferedPoolingSegmentedFile$Builder;X;
org.apache.cassandra.io.util.BufferedSegmentedFile;X;
org.apache.cassandra.io.util.BufferedSegmentedFile$Builder;X;
org.apache.cassandra.io.util.ChecksummedSequentialWriter;X;
org.apache.cassandra.io.util.CompressedPoolingSegmentedFile;X;
org.apache.cassandra.io.util.CompressedPoolingSegmentedFile$Builder;X;
org.apache.cassandra.io.util.CompressedSegmentedFile;X;
org.apache.cassandra.io.util.CompressedSegmentedFile$Builder;X;
org.apache.cassandra.io.util.DataIntegrityMetadata;X;
org.apache.cassandra.io.util.DataIntegrityMetadata$ChecksumValidator;X;
org.apache.cassandra.io.util.DataIntegrityMetadata$ChecksumWriter;X;
org.apache.cassandra.io.util.DataOutputBuffer;X;
org.apache.cassandra.io.util.DataOutputByteBuffer;X;
org.apache.cassandra.io.util.DataOutputPlus;X;
org.apache.cassandra.io.util.DataOutputStreamAndChannel;X;
org.apache.cassandra.io.util.DataOutputStreamPlus;X;
org.apache.cassandra.io.util.DiskAwareRunnable;X;
org.apache.cassandra.io.util.FastByteArrayInputStream;X;
org.apache.cassandra.io.util.FastByteArrayOutputStream;X;
org.apache.cassandra.io.util.FileDataInput;X;
org.apache.cassandra.io.util.FileMark;X;
org.apache.cassandra.io.util.FileUtils;X;
org.apache.cassandra.io.util.IAllocator;X;
org.apache.cassandra.io.util.ICompressedFile;X;
org.apache.cassandra.io.util.JEMallocAllocator;X;
org.apache.cassandra.io.util.JEMallocAllocator$JEMLibrary;X;
org.apache.cassandra.io.util.LengthAvailableInputStream;X;
org.apache.cassandra.io.util.MappedFileDataInput;X;
org.apache.cassandra.io.util.MappedFileDataInput$MappedFileDataInputMark;X;
org.apache.cassandra.io.util.Memory;X;
org.apache.cassandra.io.util.MemoryInputStream;X;
org.apache.cassandra.io.util.MemoryOutputStream;X;
org.apache.cassandra.io.util.MmappedSegmentedFile;X;
org.apache.cassandra.io.util.MmappedSegmentedFile$Builder;X;
org.apache.cassandra.io.util.NativeAllocator;X;
org.apache.cassandra.io.util.PoolingSegmentedFile;X;
org.apache.cassandra.io.util.RandomAccessReader;X;
org.apache.cassandra.io.util.RandomAccessReader$BufferedRandomAccessFileMark;X;
org.apache.cassandra.io.util.SegmentedFile;X;
org.apache.cassandra.io.util.SegmentedFile$Builder;X;
org.apache.cassandra.io.util.SegmentedFile$Segment;X;
org.apache.cassandra.io.util.SegmentedFile$SegmentIterator;X;
org.apache.cassandra.io.util.SequentialWriter;X;
org.apache.cassandra.io.util.SequentialWriter$BufferedFileWriterMark;X;
org.apache.cassandra.io.util.ThrottledReader;X;
org.apache.cassandra.locator.AbstractEndpointSnitch;X;
org.apache.cassandra.locator.AbstractNetworkTopologySnitch;X;
org.apache.cassandra.locator.AbstractReplicationStrategy;X;
org.apache.cassandra.locator.CloudstackSnitch;X;
org.apache.cassandra.locator.DynamicEndpointSnitch;X;
org.apache.cassandra.locator.DynamicEndpointSnitchMBean;X;
org.apache.cassandra.locator.Ec2MultiRegionSnitch;X;
org.apache.cassandra.locator.Ec2Snitch;X;
org.apache.cassandra.locator.EndpointSnitchInfo;X;
org.apache.cassandra.locator.EndpointSnitchInfoMBean;X;
org.apache.cassandra.locator.GoogleCloudSnitch;X;
org.apache.cassandra.locator.GossipingPropertyFileSnitch;X;
org.apache.cassandra.locator.IEndpointSnitch;X;
org.apache.cassandra.locator.ILatencySubscriber;X;
org.apache.cassandra.locator.LocalStrategy;X;
org.apache.cassandra.locator.NetworkTopologyStrategy;X;
org.apache.cassandra.locator.OldNetworkTopologyStrategy;X;
org.apache.cassandra.locator.PropertyFileSnitch;X;
org.apache.cassandra.locator.RackInferringSnitch;X;
org.apache.cassandra.locator.ReconnectableSnitchHelper;X;
org.apache.cassandra.locator.SeedProvider;X;
org.apache.cassandra.locator.SimpleSeedProvider;X;
org.apache.cassandra.locator.SimpleSnitch;X;
org.apache.cassandra.locator.SimpleStrategy;X;
org.apache.cassandra.locator.SnitchProperties;X;
org.apache.cassandra.locator.TokenMetadata;X;
org.apache.cassandra.locator.TokenMetadata$Topology;X;
org.apache.cassandra.locator.YamlFileNetworkTopologySnitch;X;
org.apache.cassandra.locator.YamlFileNetworkTopologySnitch$Datacenter;X;
org.apache.cassandra.locator.YamlFileNetworkTopologySnitch$Node;X;
org.apache.cassandra.locator.YamlFileNetworkTopologySnitch$NodeData;X;
org.apache.cassandra.locator.YamlFileNetworkTopologySnitch$Rack;X;
org.apache.cassandra.locator.YamlFileNetworkTopologySnitch$TopologyConfig;X;
org.apache.cassandra.metrics.CacheMetrics;X;
org.apache.cassandra.metrics.ClientMetrics;X;
org.apache.cassandra.metrics.ClientRequestMetrics;X;
org.apache.cassandra.metrics.ColumnFamilyMetrics;X;
org.apache.cassandra.metrics.ColumnFamilyMetrics$AllColumnFamilyMetricNameFactory;X;
org.apache.cassandra.metrics.ColumnFamilyMetrics$ColumnFamilyHistogram;X;
org.apache.cassandra.metrics.ColumnFamilyMetrics$ColumnFamilyMetricNameFactory;X;
org.apache.cassandra.metrics.CommitLogMetrics;X;
org.apache.cassandra.metrics.CompactionMetrics;X;
org.apache.cassandra.metrics.ConnectionMetrics;X;
org.apache.cassandra.metrics.DefaultNameFactory;X;
org.apache.cassandra.metrics.DroppedMessageMetrics;X;
org.apache.cassandra.metrics.FileCacheMetrics;X;
org.apache.cassandra.metrics.HintedHandoffMetrics;X;
org.apache.cassandra.metrics.HintedHandoffMetrics$DifferencingCounter;X;
org.apache.cassandra.metrics.KeyspaceMetrics;X;
org.apache.cassandra.metrics.KeyspaceMetrics$KeyspaceMetricNameFactory;X;
org.apache.cassandra.metrics.KeyspaceMetrics$MetricValue;X;
org.apache.cassandra.metrics.LatencyMetrics;X;
org.apache.cassandra.metrics.MetricNameFactory;X;
org.apache.cassandra.metrics.ReadRepairMetrics;X;
org.apache.cassandra.metrics.RestorableMeter;X;
org.apache.cassandra.metrics.RestorableMeter$RestorableEWMA;X;
org.apache.cassandra.metrics.SEPMetrics;X;
org.apache.cassandra.metrics.StorageMetrics;X;
org.apache.cassandra.metrics.StreamingMetrics;X;
org.apache.cassandra.metrics.ThreadPoolMetricNameFactory;X;
org.apache.cassandra.metrics.ThreadPoolMetrics;X;
org.apache.cassandra.net.AsyncOneResponse;X;
org.apache.cassandra.net.CallbackInfo;X;
org.apache.cassandra.net.CompactEndpointSerializationHelper;X;
org.apache.cassandra.net.IAsyncCallback;X;
org.apache.cassandra.net.IAsyncCallbackWithFailure;X;
org.apache.cassandra.net.IVerbHandler;X;
org.apache.cassandra.net.IncomingStreamingConnection;X;
org.apache.cassandra.net.IncomingTcpConnection;X;
org.apache.cassandra.net.MessageDeliveryTask;X;
org.apache.cassandra.net.MessageIn;X;
org.apache.cassandra.net.MessageOut;X;
org.apache.cassandra.net.MessagingService;X;
org.apache.cassandra.net.MessagingService$CallbackDeterminedSerializer;X;
org.apache.cassandra.net.MessagingService$MSHandle;X;
org.apache.cassandra.net.MessagingService$SocketThread;X;
org.apache.cassandra.net.MessagingServiceMBean;X;
org.apache.cassandra.net.OutboundTcpConnection;X;
org.apache.cassandra.net.OutboundTcpConnection$QueuedMessage;X;
org.apache.cassandra.net.OutboundTcpConnection$RetriedQueuedMessage;X;
org.apache.cassandra.net.OutboundTcpConnectionPool;X;
org.apache.cassandra.net.ResponseVerbHandler;X;
org.apache.cassandra.net.WriteCallbackInfo;X;
org.apache.cassandra.notifications.INotification;X;
org.apache.cassandra.notifications.INotificationConsumer;X;
org.apache.cassandra.notifications.MemtableRenewedNotification;X;
org.apache.cassandra.notifications.SSTableAddedNotification;X;
org.apache.cassandra.notifications.SSTableDeletingNotification;X;
org.apache.cassandra.notifications.SSTableListChangedNotification;X;
org.apache.cassandra.notifications.SSTableRepairStatusChanged;X;
org.apache.cassandra.repair.Differencer;X;
org.apache.cassandra.repair.IRepairJobEventListener;X;
org.apache.cassandra.repair.NodePair;X;
org.apache.cassandra.repair.NodePair$NodePairSerializer;X;
org.apache.cassandra.repair.RepairFuture;X;
org.apache.cassandra.repair.RepairJob;X;
org.apache.cassandra.repair.RepairJobDesc;X;
org.apache.cassandra.repair.RepairJobDesc$RepairJobDescSerializer;X;
org.apache.cassandra.repair.RepairMessageVerbHandler;X;
org.apache.cassandra.repair.RepairSession;X;
org.apache.cassandra.repair.RequestCoordinator;X;
org.apache.cassandra.repair.RequestCoordinator$Order;X;
org.apache.cassandra.repair.RequestCoordinator$ParallelOrder;X;
org.apache.cassandra.repair.RequestCoordinator$SequentialOrder;X;
org.apache.cassandra.repair.SnapshotTask;X;
org.apache.cassandra.repair.SnapshotTask$SnapshotCallback;X;
org.apache.cassandra.repair.StreamingRepairTask;X;
org.apache.cassandra.repair.TreeResponse;X;
org.apache.cassandra.repair.Validator;X;
org.apache.cassandra.repair.Validator$CountingDigest;X;
org.apache.cassandra.repair.messages.AnticompactionRequest;X;
org.apache.cassandra.repair.messages.AnticompactionRequest$AnticompactionRequestSerializer;X;
org.apache.cassandra.repair.messages.PrepareMessage;X;
org.apache.cassandra.repair.messages.PrepareMessage$PrepareMessageSerializer;X;
org.apache.cassandra.repair.messages.RepairMessage;X;
org.apache.cassandra.repair.messages.RepairMessage$MessageSerializer;X;
org.apache.cassandra.repair.messages.RepairMessage$RepairMessageSerializer;X;
org.apache.cassandra.repair.messages.SnapshotMessage;X;
org.apache.cassandra.repair.messages.SnapshotMessage$SnapshotMessageSerializer;X;
org.apache.cassandra.repair.messages.SyncComplete;X;
org.apache.cassandra.repair.messages.SyncComplete$SyncCompleteSerializer;X;
org.apache.cassandra.repair.messages.SyncRequest;X;
org.apache.cassandra.repair.messages.SyncRequest$SyncRequestSerializer;X;
org.apache.cassandra.repair.messages.ValidationComplete;X;
org.apache.cassandra.repair.messages.ValidationComplete$ValidationCompleteSerializer;X;
org.apache.cassandra.repair.messages.ValidationRequest;X;
org.apache.cassandra.repair.messages.ValidationRequest$ValidationRequestSerializer;X;
org.apache.cassandra.scheduler.IRequestScheduler;X;
org.apache.cassandra.scheduler.NoScheduler;X;
org.apache.cassandra.scheduler.RoundRobinScheduler;X;
org.apache.cassandra.scheduler.WeightedQueue;X;
org.apache.cassandra.scheduler.WeightedQueue$Entry;X;
org.apache.cassandra.scheduler.WeightedQueueMBean;X;
org.apache.cassandra.security.SSLFactory;X;
org.apache.cassandra.serializers.AbstractTextSerializer;X;
org.apache.cassandra.serializers.AsciiSerializer;X;
org.apache.cassandra.serializers.BooleanSerializer;X;
org.apache.cassandra.serializers.BytesSerializer;X;
org.apache.cassandra.serializers.CollectionSerializer;X;
org.apache.cassandra.serializers.CounterSerializer;X;
org.apache.cassandra.serializers.DecimalSerializer;X;
org.apache.cassandra.serializers.DoubleSerializer;X;
org.apache.cassandra.serializers.EmptySerializer;X;
org.apache.cassandra.serializers.FloatSerializer;X;
org.apache.cassandra.serializers.InetAddressSerializer;X;
org.apache.cassandra.serializers.Int32Serializer;X;
org.apache.cassandra.serializers.IntegerSerializer;X;
org.apache.cassandra.serializers.ListSerializer;X;
org.apache.cassandra.serializers.LongSerializer;X;
org.apache.cassandra.serializers.MapSerializer;X;
org.apache.cassandra.serializers.MarshalException;X;
org.apache.cassandra.serializers.SetSerializer;X;
org.apache.cassandra.serializers.TimeUUIDSerializer;X;
org.apache.cassandra.serializers.TimestampSerializer;X;
org.apache.cassandra.serializers.TypeSerializer;X;
org.apache.cassandra.serializers.UTF8Serializer;X;
org.apache.cassandra.serializers.UTF8Serializer$UTF8Validator;X;
org.apache.cassandra.serializers.UUIDSerializer;X;
org.apache.cassandra.service.AbstractReadExecutor;X;
org.apache.cassandra.service.AbstractReadExecutor$AlwaysSpeculatingReadExecutor;X;
org.apache.cassandra.service.AbstractReadExecutor$NeverSpeculatingReadExecutor;X;
org.apache.cassandra.service.AbstractReadExecutor$SpeculatingReadExecutor;X;
org.apache.cassandra.service.AbstractRowResolver;X;
org.apache.cassandra.service.AbstractWriteResponseHandler;X;
org.apache.cassandra.service.ActiveRepairService;X;
org.apache.cassandra.service.ActiveRepairService$ParentRepairSession;X;
org.apache.cassandra.service.AsyncRepairCallback;X;
org.apache.cassandra.service.CASConditions;X;
org.apache.cassandra.service.CacheService;X;
org.apache.cassandra.service.CacheService$CounterCacheSerializer;X;
org.apache.cassandra.service.CacheService$KeyCacheSerializer;X;
org.apache.cassandra.service.CacheService$RowCacheSerializer;X;
org.apache.cassandra.service.CacheServiceMBean;X;
org.apache.cassandra.service.CassandraDaemon;X;
org.apache.cassandra.service.CassandraDaemon$NativeAccess;X;
org.apache.cassandra.service.CassandraDaemon$Server;X;
org.apache.cassandra.service.ClientState;X;
org.apache.cassandra.service.DatacenterSyncWriteResponseHandler;X;
org.apache.cassandra.service.DatacenterWriteResponseHandler;X;
org.apache.cassandra.service.DigestMismatchException;X;
org.apache.cassandra.service.EchoVerbHandler;X;
org.apache.cassandra.service.EmbeddedCassandraService;X;
org.apache.cassandra.service.FileCacheService;X;
org.apache.cassandra.service.FileCacheService$CacheBucket;X;
org.apache.cassandra.service.FileCacheService$CacheKey;X;
org.apache.cassandra.service.GCInspector;X;
org.apache.cassandra.service.IEndpointLifecycleSubscriber;X;
org.apache.cassandra.service.IMigrationListener;X;
org.apache.cassandra.service.IReadCommand;X;
org.apache.cassandra.service.IResponseResolver;X;
org.apache.cassandra.service.LoadBroadcaster;X;
org.apache.cassandra.service.MigrationManager;X;
org.apache.cassandra.service.MigrationManager$MigrationsSerializer;X;
org.apache.cassandra.service.MigrationTask;X;
org.apache.cassandra.service.NativeAccessMBean;X;
org.apache.cassandra.service.PendingRangeCalculatorService;X;
org.apache.cassandra.service.PendingRangeCalculatorService$PendingRangeTask;X;
org.apache.cassandra.service.QueryState;X;
org.apache.cassandra.service.RangeSliceResponseResolver;X;
org.apache.cassandra.service.RangeSliceResponseResolver$Reducer;X;
org.apache.cassandra.service.RangeSliceResponseResolver$RowIterator;X;
org.apache.cassandra.service.RangeSliceVerbHandler;X;
org.apache.cassandra.service.ReadCallback;X;
org.apache.cassandra.service.ReadCallback$AsyncRepairRunner;X;
org.apache.cassandra.service.RowDataResolver;X;
org.apache.cassandra.service.RowDigestResolver;X;
org.apache.cassandra.service.SnapshotVerbHandler;X;
org.apache.cassandra.service.StorageProxy;X;
org.apache.cassandra.service.StorageProxy$DroppableRunnable;X;
org.apache.cassandra.service.StorageProxy$HintRunnable;X;
org.apache.cassandra.service.StorageProxy$LocalMutationRunnable;X;
org.apache.cassandra.service.StorageProxy$LocalRangeSliceRunnable;X;
org.apache.cassandra.service.StorageProxy$LocalReadRunnable;X;
org.apache.cassandra.service.StorageProxy$WritePerformer;X;
org.apache.cassandra.service.StorageProxy$WriteResponseHandlerWrapper;X;
org.apache.cassandra.service.StorageProxyMBean;X;
org.apache.cassandra.service.StorageService;X;
org.apache.cassandra.service.StorageService$RangeRelocator;X;
org.apache.cassandra.service.StorageServiceMBean;X;
org.apache.cassandra.service.TruncateResponseHandler;X;
org.apache.cassandra.service.WriteResponseHandler;X;
org.apache.cassandra.service.pager.AbstractQueryPager;X;
org.apache.cassandra.service.pager.MultiPartitionPager;X;
org.apache.cassandra.service.pager.NamesQueryPager;X;
org.apache.cassandra.service.pager.Pageable;X;
org.apache.cassandra.service.pager.Pageable$ReadCommands;X;
org.apache.cassandra.service.pager.PagingState;X;
org.apache.cassandra.service.pager.QueryPager;X;
org.apache.cassandra.service.pager.QueryPagers;X;
org.apache.cassandra.service.pager.RangeNamesQueryPager;X;
org.apache.cassandra.service.pager.RangeSliceQueryPager;X;
org.apache.cassandra.service.pager.SinglePartitionPager;X;
org.apache.cassandra.service.pager.SliceQueryPager;X;
org.apache.cassandra.service.paxos.AbstractPaxosCallback;X;
org.apache.cassandra.service.paxos.Commit;X;
org.apache.cassandra.service.paxos.Commit$CommitSerializer;X;
org.apache.cassandra.service.paxos.CommitVerbHandler;X;
org.apache.cassandra.service.paxos.PaxosState;X;
org.apache.cassandra.service.paxos.PrepareCallback;X;
org.apache.cassandra.service.paxos.PrepareResponse;X;
org.apache.cassandra.service.paxos.PrepareResponse$PrepareResponseSerializer;X;
org.apache.cassandra.service.paxos.PrepareVerbHandler;X;
org.apache.cassandra.service.paxos.ProposeCallback;X;
org.apache.cassandra.service.paxos.ProposeVerbHandler;X;
org.apache.cassandra.sink.IMessageSink;X;
org.apache.cassandra.sink.IRequestSink;X;
org.apache.cassandra.sink.SinkManager;X;
org.apache.cassandra.streaming.ConnectionHandler;X;
org.apache.cassandra.streaming.ConnectionHandler$IncomingMessageHandler;X;
org.apache.cassandra.streaming.ConnectionHandler$MessageHandler;X;
org.apache.cassandra.streaming.ConnectionHandler$OutgoingMessageHandler;X;
org.apache.cassandra.streaming.ProgressInfo;X;
org.apache.cassandra.streaming.ReplicationFinishedVerbHandler;X;
org.apache.cassandra.streaming.SessionInfo;X;
org.apache.cassandra.streaming.StreamCoordinator;X;
org.apache.cassandra.streaming.StreamCoordinator$HostStreamingData;X;
org.apache.cassandra.streaming.StreamCoordinator$StreamSessionConnector;X;
org.apache.cassandra.streaming.StreamEvent;X;
org.apache.cassandra.streaming.StreamEvent$ProgressEvent;X;
org.apache.cassandra.streaming.StreamEvent$SessionCompleteEvent;X;
org.apache.cassandra.streaming.StreamEvent$SessionPreparedEvent;X;
org.apache.cassandra.streaming.StreamEventHandler;X;
org.apache.cassandra.streaming.StreamException;X;
org.apache.cassandra.streaming.StreamLockfile;X;
org.apache.cassandra.streaming.StreamManager;X;
org.apache.cassandra.streaming.StreamManager$StreamRateLimiter;X;
org.apache.cassandra.streaming.StreamManagerMBean;X;
org.apache.cassandra.streaming.StreamPlan;X;
org.apache.cassandra.streaming.StreamReader;X;
org.apache.cassandra.streaming.StreamReceiveTask;X;
org.apache.cassandra.streaming.StreamReceiveTask$OnCompletionRunnable;X;
org.apache.cassandra.streaming.StreamRequest;X;
org.apache.cassandra.streaming.StreamRequest$StreamRequestSerializer;X;
org.apache.cassandra.streaming.StreamResultFuture;X;
org.apache.cassandra.streaming.StreamSession;X;
org.apache.cassandra.streaming.StreamSession$SSTableStreamingSections;X;
org.apache.cassandra.streaming.StreamState;X;
org.apache.cassandra.streaming.StreamSummary;X;
org.apache.cassandra.streaming.StreamSummary$StreamSummarySerializer;X;
org.apache.cassandra.streaming.StreamTask;X;
org.apache.cassandra.streaming.StreamTransferTask;X;
org.apache.cassandra.streaming.StreamWriter;X;
org.apache.cassandra.streaming.compress.CompressedInputStream;X;
org.apache.cassandra.streaming.compress.CompressedInputStream$Reader;X;
org.apache.cassandra.streaming.compress.CompressedStreamReader;X;
org.apache.cassandra.streaming.compress.CompressedStreamWriter;X;
org.apache.cassandra.streaming.compress.CompressionInfo;X;
org.apache.cassandra.streaming.compress.CompressionInfo$CompressionInfoSerializer;X;
org.apache.cassandra.streaming.management.ProgressInfoCompositeData;X;
org.apache.cassandra.streaming.management.SessionCompleteEventCompositeData;X;
org.apache.cassandra.streaming.management.SessionInfoCompositeData;X;
org.apache.cassandra.streaming.management.StreamEventJMXNotifier;X;
org.apache.cassandra.streaming.management.StreamStateCompositeData;X;
org.apache.cassandra.streaming.management.StreamSummaryCompositeData;X;
org.apache.cassandra.streaming.messages.CompleteMessage;X;
org.apache.cassandra.streaming.messages.FileMessageHeader;X;
org.apache.cassandra.streaming.messages.FileMessageHeader$FileMessageHeaderSerializer;X;
org.apache.cassandra.streaming.messages.IncomingFileMessage;X;
org.apache.cassandra.streaming.messages.OutgoingFileMessage;X;
org.apache.cassandra.streaming.messages.PrepareMessage;X;
org.apache.cassandra.streaming.messages.ReceivedMessage;X;
org.apache.cassandra.streaming.messages.RetryMessage;X;
org.apache.cassandra.streaming.messages.SessionFailedMessage;X;
org.apache.cassandra.streaming.messages.StreamInitMessage;X;
org.apache.cassandra.streaming.messages.StreamInitMessage$StreamInitMessageSerializer;X;
org.apache.cassandra.streaming.messages.StreamMessage;X;
org.apache.cassandra.streaming.messages.StreamMessage$Serializer;X;
org.apache.cassandra.thrift.CassandraServer;X;
org.apache.cassandra.thrift.CassandraServer$ThriftCASConditions;X;
org.apache.cassandra.thrift.CustomTNonBlockingServer;X;
org.apache.cassandra.thrift.CustomTNonBlockingServer$CustomFrameBuffer;X;
org.apache.cassandra.thrift.CustomTNonBlockingServer$Factory;X;
org.apache.cassandra.thrift.CustomTThreadPoolServer;X;
org.apache.cassandra.thrift.CustomTThreadPoolServer$Factory;X;
org.apache.cassandra.thrift.CustomTThreadPoolServer$WorkerProcess;X;
org.apache.cassandra.thrift.ITransportFactory;X;
org.apache.cassandra.thrift.SSLTransportFactory;X;
org.apache.cassandra.thrift.TCustomNonblockingServerSocket;X;
org.apache.cassandra.thrift.TCustomServerSocket;X;
org.apache.cassandra.thrift.TCustomSocket;X;
org.apache.cassandra.thrift.TFramedTransportFactory;X;
org.apache.cassandra.thrift.THsHaDisruptorServer;X;
org.apache.cassandra.thrift.THsHaDisruptorServer$Factory;X;
org.apache.cassandra.thrift.TServerCustomFactory;X;
org.apache.cassandra.thrift.TServerFactory;X;
org.apache.cassandra.thrift.TServerFactory$Args;X;
org.apache.cassandra.thrift.ThriftClientState;X;
org.apache.cassandra.thrift.ThriftConversion;X;
org.apache.cassandra.thrift.ThriftServer;X;
org.apache.cassandra.thrift.ThriftServer$ThriftServerThread;X;
org.apache.cassandra.thrift.ThriftSessionManager;X;
org.apache.cassandra.thrift.ThriftValidation;X;
org.apache.cassandra.tools.AbstractJmxClient;X;
org.apache.cassandra.tools.BulkLoader;X;
org.apache.cassandra.tools.BulkLoader$CmdLineOptions;X;
org.apache.cassandra.tools.BulkLoader$ExternalClient;X;
org.apache.cassandra.tools.BulkLoader$LoaderOptions;X;
org.apache.cassandra.tools.BulkLoader$ProgressIndicator;X;
org.apache.cassandra.tools.ColumnFamilyStoreMBeanIterator;X;
org.apache.cassandra.tools.GetVersion;X;
org.apache.cassandra.tools.JMXConnection;X;
org.apache.cassandra.tools.NodeProbe;X;
org.apache.cassandra.tools.NodeTool;X;
org.apache.cassandra.tools.NodeTool$CfHistograms;X;
org.apache.cassandra.tools.NodeTool$CfStats;X;
org.apache.cassandra.tools.NodeTool$CfStats$OptionFilter;X;
org.apache.cassandra.tools.NodeTool$Cleanup;X;
org.apache.cassandra.tools.NodeTool$ClearSnapshot;X;
org.apache.cassandra.tools.NodeTool$Compact;X;
org.apache.cassandra.tools.NodeTool$CompactionHistory;X;
org.apache.cassandra.tools.NodeTool$CompactionStats;X;
org.apache.cassandra.tools.NodeTool$Decommission;X;
org.apache.cassandra.tools.NodeTool$DescribeCluster;X;
org.apache.cassandra.tools.NodeTool$DescribeRing;X;
org.apache.cassandra.tools.NodeTool$DisableAutoCompaction;X;
org.apache.cassandra.tools.NodeTool$DisableBackup;X;
org.apache.cassandra.tools.NodeTool$DisableBinary;X;
org.apache.cassandra.tools.NodeTool$DisableGossip;X;
org.apache.cassandra.tools.NodeTool$DisableHandoff;X;
org.apache.cassandra.tools.NodeTool$DisableThrift;X;
org.apache.cassandra.tools.NodeTool$Drain;X;
org.apache.cassandra.tools.NodeTool$EnableAutoCompaction;X;
org.apache.cassandra.tools.NodeTool$EnableBackup;X;
org.apache.cassandra.tools.NodeTool$EnableBinary;X;
org.apache.cassandra.tools.NodeTool$EnableGossip;X;
org.apache.cassandra.tools.NodeTool$EnableHandoff;X;
org.apache.cassandra.tools.NodeTool$EnableThrift;X;
org.apache.cassandra.tools.NodeTool$Flush;X;
org.apache.cassandra.tools.NodeTool$GetCompactionThreshold;X;
org.apache.cassandra.tools.NodeTool$GetCompactionThroughput;X;
org.apache.cassandra.tools.NodeTool$GetEndpoints;X;
org.apache.cassandra.tools.NodeTool$GetLoggingLevels;X;
org.apache.cassandra.tools.NodeTool$GetSSTables;X;
org.apache.cassandra.tools.NodeTool$GetStreamThroughput;X;
org.apache.cassandra.tools.NodeTool$GossipInfo;X;
org.apache.cassandra.tools.NodeTool$HostStat;X;
org.apache.cassandra.tools.NodeTool$Info;X;
org.apache.cassandra.tools.NodeTool$InvalidateCounterCache;X;
org.apache.cassandra.tools.NodeTool$InvalidateKeyCache;X;
org.apache.cassandra.tools.NodeTool$InvalidateRowCache;X;
org.apache.cassandra.tools.NodeTool$Join;X;
org.apache.cassandra.tools.NodeTool$ListSnapshots;X;
org.apache.cassandra.tools.NodeTool$Move;X;
org.apache.cassandra.tools.NodeTool$NetStats;X;
org.apache.cassandra.tools.NodeTool$NodeToolCmd;X;
org.apache.cassandra.tools.NodeTool$PauseHandoff;X;
org.apache.cassandra.tools.NodeTool$ProxyHistograms;X;
org.apache.cassandra.tools.NodeTool$RangeKeySample;X;
org.apache.cassandra.tools.NodeTool$Rebuild;X;
org.apache.cassandra.tools.NodeTool$RebuildIndex;X;
org.apache.cassandra.tools.NodeTool$Refresh;X;
org.apache.cassandra.tools.NodeTool$ReloadTriggers;X;
org.apache.cassandra.tools.NodeTool$RemoveNode;X;
org.apache.cassandra.tools.NodeTool$RemoveToken;X;
org.apache.cassandra.tools.NodeTool$Repair;X;
org.apache.cassandra.tools.NodeTool$ResetLocalSchema;X;
org.apache.cassandra.tools.NodeTool$ResumeHandoff;X;
org.apache.cassandra.tools.NodeTool$Ring;X;
org.apache.cassandra.tools.NodeTool$Scrub;X;
org.apache.cassandra.tools.NodeTool$SetCacheCapacity;X;
org.apache.cassandra.tools.NodeTool$SetCacheKeysToSave;X;
org.apache.cassandra.tools.NodeTool$SetCompactionThreshold;X;
org.apache.cassandra.tools.NodeTool$SetCompactionThroughput;X;
org.apache.cassandra.tools.NodeTool$SetHintedHandoffThrottleInKB;X;
org.apache.cassandra.tools.NodeTool$SetHostStat;X;
org.apache.cassandra.tools.NodeTool$SetLoggingLevel;X;
org.apache.cassandra.tools.NodeTool$SetStreamThroughput;X;
org.apache.cassandra.tools.NodeTool$SetTraceProbability;X;
org.apache.cassandra.tools.NodeTool$Snapshot;X;
org.apache.cassandra.tools.NodeTool$Status;X;
org.apache.cassandra.tools.NodeTool$StatusBinary;X;
org.apache.cassandra.tools.NodeTool$StatusThrift;X;
org.apache.cassandra.tools.NodeTool$Stop;X;
org.apache.cassandra.tools.NodeTool$StopDaemon;X;
org.apache.cassandra.tools.NodeTool$TpStats;X;
org.apache.cassandra.tools.NodeTool$TruncateHints;X;
org.apache.cassandra.tools.NodeTool$UpgradeSSTable;X;
org.apache.cassandra.tools.NodeTool$Version;X;
org.apache.cassandra.tools.RepairRunner;X;
org.apache.cassandra.tools.SSTableExport;X;
org.apache.cassandra.tools.SSTableImport;X;
org.apache.cassandra.tools.SSTableImport$JsonColumn;X;
org.apache.cassandra.tools.SSTableLevelResetter;X;
org.apache.cassandra.tools.SSTableMetadataViewer;X;
org.apache.cassandra.tools.SSTableRepairedAtSetter;X;
org.apache.cassandra.tools.StandaloneScrubber;X;
org.apache.cassandra.tools.StandaloneScrubber$Options;X;
org.apache.cassandra.tools.StandaloneSplitter;X;
org.apache.cassandra.tools.StandaloneSplitter$Options;X;
org.apache.cassandra.tools.StandaloneUpgrader;X;
org.apache.cassandra.tools.StandaloneUpgrader$Options;X;
org.apache.cassandra.tools.ThreadPoolProxyMBeanIterator;X;
org.apache.cassandra.tracing.ExpiredTraceState;X;
org.apache.cassandra.tracing.TraceState;X;
org.apache.cassandra.tracing.Tracing;X;
org.apache.cassandra.transport.CBCodec;X;
org.apache.cassandra.transport.CBUtil;X;
org.apache.cassandra.transport.Client;X;
org.apache.cassandra.transport.Connection;X;
org.apache.cassandra.transport.Connection$Factory;X;
org.apache.cassandra.transport.Connection$Tracker;X;
org.apache.cassandra.transport.Event;X;
org.apache.cassandra.transport.Event$SchemaChange;X;
org.apache.cassandra.transport.Event$StatusChange;X;
org.apache.cassandra.transport.Event$TopologyChange;X;
org.apache.cassandra.transport.Frame;X;
org.apache.cassandra.transport.Frame$Compressor;X;
org.apache.cassandra.transport.Frame$Decoder;X;
org.apache.cassandra.transport.Frame$Decompressor;X;
org.apache.cassandra.transport.Frame$Encoder;X;
org.apache.cassandra.transport.Frame$Header;X;
org.apache.cassandra.transport.FrameCompressor;X;
org.apache.cassandra.transport.FrameCompressor$LZ4Compressor;X;
org.apache.cassandra.transport.FrameCompressor$SnappyCompressor;X;
org.apache.cassandra.transport.Message;X;
org.apache.cassandra.transport.Message$Codec;X;
org.apache.cassandra.transport.Message$Dispatcher;X;
org.apache.cassandra.transport.Message$Dispatcher$FlushItem;X;
org.apache.cassandra.transport.Message$Dispatcher$Flusher;X;
org.apache.cassandra.transport.Message$ProtocolDecoder;X;
org.apache.cassandra.transport.Message$ProtocolEncoder;X;
org.apache.cassandra.transport.Message$Request;X;
org.apache.cassandra.transport.Message$Response;X;
org.apache.cassandra.transport.OptionCodec;X;
org.apache.cassandra.transport.OptionCodec$Codecable;X;
org.apache.cassandra.transport.ProtocolException;X;
org.apache.cassandra.transport.RequestThreadPoolExecutor;X;
org.apache.cassandra.transport.Server;X;
org.apache.cassandra.transport.Server$ConnectionTracker;X;
org.apache.cassandra.transport.Server$EventNotifier;X;
org.apache.cassandra.transport.Server$Initializer;X;
org.apache.cassandra.transport.Server$SecureInitializer;X;
org.apache.cassandra.transport.ServerConnection;X;
org.apache.cassandra.transport.ServerError;X;
org.apache.cassandra.transport.SimpleClient;X;
org.apache.cassandra.transport.SimpleClient$ConnectionTracker;X;
org.apache.cassandra.transport.SimpleClient$Initializer;X;
org.apache.cassandra.transport.SimpleClient$ResponseHandler;X;
org.apache.cassandra.transport.SimpleClient$SecureInitializer;X;
org.apache.cassandra.transport.messages.AuthChallenge;X;
org.apache.cassandra.transport.messages.AuthResponse;X;
org.apache.cassandra.transport.messages.AuthSuccess;X;
org.apache.cassandra.transport.messages.AuthenticateMessage;X;
org.apache.cassandra.transport.messages.BatchMessage;X;
org.apache.cassandra.transport.messages.CredentialsMessage;X;
org.apache.cassandra.transport.messages.ErrorMessage;X;
org.apache.cassandra.transport.messages.ErrorMessage$WrappedException;X;
org.apache.cassandra.transport.messages.EventMessage;X;
org.apache.cassandra.transport.messages.ExecuteMessage;X;
org.apache.cassandra.transport.messages.OptionsMessage;X;
org.apache.cassandra.transport.messages.PrepareMessage;X;
org.apache.cassandra.transport.messages.QueryMessage;X;
org.apache.cassandra.transport.messages.ReadyMessage;X;
org.apache.cassandra.transport.messages.RegisterMessage;X;
org.apache.cassandra.transport.messages.ResultMessage;X;
org.apache.cassandra.transport.messages.ResultMessage$Prepared;X;
org.apache.cassandra.transport.messages.ResultMessage$Rows;X;
org.apache.cassandra.transport.messages.ResultMessage$SchemaChange;X;
org.apache.cassandra.transport.messages.ResultMessage$SetKeyspace;X;
org.apache.cassandra.transport.messages.ResultMessage$Void;X;
org.apache.cassandra.transport.messages.StartupMessage;X;
org.apache.cassandra.transport.messages.SupportedMessage;X;
org.apache.cassandra.triggers.CustomClassLoader;X;
org.apache.cassandra.triggers.ITrigger;X;
org.apache.cassandra.triggers.TriggerExecutor;X;
org.apache.cassandra.utils.AlwaysPresentFilter;X;
org.apache.cassandra.utils.BackgroundActivityMonitor;X;
org.apache.cassandra.utils.BackgroundActivityMonitor$BackgroundActivityReporter;X;
org.apache.cassandra.utils.BiMultiValMap;X;
org.apache.cassandra.utils.BloomCalculations;X;
org.apache.cassandra.utils.BloomCalculations$BloomSpecification;X;
org.apache.cassandra.utils.BloomFilter;X;
org.apache.cassandra.utils.BloomFilterSerializer;X;
org.apache.cassandra.utils.BooleanSerializer;X;
org.apache.cassandra.utils.BoundedStatsDeque;X;
org.apache.cassandra.utils.ByteBufferUtil;X;
org.apache.cassandra.utils.BytesReadTracker;X;
org.apache.cassandra.utils.CLibrary;X;
org.apache.cassandra.utils.CloseableIterator;X;
org.apache.cassandra.utils.ConcurrentBiMap;X;
org.apache.cassandra.utils.CounterId;X;
org.apache.cassandra.utils.CounterId$LocalCounterIdHolder;X;
org.apache.cassandra.utils.CounterId$LocalId;X;
org.apache.cassandra.utils.DefaultInteger;X;
org.apache.cassandra.utils.EstimatedHistogram;X;
org.apache.cassandra.utils.EstimatedHistogram$EstimatedHistogramSerializer;X;
org.apache.cassandra.utils.ExpiringMap;X;
org.apache.cassandra.utils.ExpiringMap$CacheableObject;X;
org.apache.cassandra.utils.FBUtilities;X;
org.apache.cassandra.utils.FBUtilities$WrappedCloseableIterator;X;
org.apache.cassandra.utils.FastByteOperations;X;
org.apache.cassandra.utils.FastByteOperations$BestHolder;X;
org.apache.cassandra.utils.FastByteOperations$ByteOperations;X;
org.apache.cassandra.utils.FastByteOperations$PureJavaOperations;X;
org.apache.cassandra.utils.FastByteOperations$UnsafeOperations;X;
org.apache.cassandra.utils.FilterFactory;X;
org.apache.cassandra.utils.GuidGenerator;X;
org.apache.cassandra.utils.Hex;X;
org.apache.cassandra.utils.HistogramBuilder;X;
org.apache.cassandra.utils.IFilter;X;
org.apache.cassandra.utils.IMergeIterator;X;
org.apache.cassandra.utils.Interval;X;
org.apache.cassandra.utils.IntervalTree;X;
org.apache.cassandra.utils.IntervalTree$IntervalNode;X;
org.apache.cassandra.utils.IntervalTree$Serializer;X;
org.apache.cassandra.utils.IntervalTree$TreeIterator;X;
org.apache.cassandra.utils.MD5Digest;X;
org.apache.cassandra.utils.MergeIterator;X;
org.apache.cassandra.utils.MergeIterator$Candidate;X;
org.apache.cassandra.utils.MergeIterator$ManyToOne;X;
org.apache.cassandra.utils.MergeIterator$OneToOne;X;
org.apache.cassandra.utils.MergeIterator$Reducer;X;
org.apache.cassandra.utils.MergeIterator$TrivialOneToOne;X;
org.apache.cassandra.utils.MerkleTree;X;
org.apache.cassandra.utils.MerkleTree$Hashable;X;
org.apache.cassandra.utils.MerkleTree$Hashable$HashableSerializer;X;
org.apache.cassandra.utils.MerkleTree$Inner;X;
org.apache.cassandra.utils.MerkleTree$Inner$InnerSerializer;X;
org.apache.cassandra.utils.MerkleTree$Leaf;X;
org.apache.cassandra.utils.MerkleTree$Leaf$LeafSerializer;X;
org.apache.cassandra.utils.MerkleTree$MerkleTreeSerializer;X;
org.apache.cassandra.utils.MerkleTree$RowHash;X;
org.apache.cassandra.utils.MerkleTree$StopRecursion;X;
org.apache.cassandra.utils.MerkleTree$StopRecursion$BadRange;X;
org.apache.cassandra.utils.MerkleTree$StopRecursion$InvalidHash;X;
org.apache.cassandra.utils.MerkleTree$StopRecursion$TooDeep;X;
org.apache.cassandra.utils.MerkleTree$TreeDifference;X;
org.apache.cassandra.utils.MerkleTree$TreeRange;X;
org.apache.cassandra.utils.MerkleTree$TreeRangeIterator;X;
org.apache.cassandra.utils.Murmur3BloomFilter;X;
org.apache.cassandra.utils.Murmur3BloomFilter$Murmur3BloomFilterSerializer;X;
org.apache.cassandra.utils.MurmurHash;X;
org.apache.cassandra.utils.Mx4jTool;X;
org.apache.cassandra.utils.ObjectSizes;X;
org.apache.cassandra.utils.OutputHandler;X;
org.apache.cassandra.utils.OutputHandler$LogOutput;X;
org.apache.cassandra.utils.OutputHandler$SystemOutput;X;
org.apache.cassandra.utils.Pair;X;
org.apache.cassandra.utils.PureJavaCrc32;X;
org.apache.cassandra.utils.ResourceWatcher;X;
org.apache.cassandra.utils.ResourceWatcher$WatchedResource;X;
org.apache.cassandra.utils.SemanticVersion;X;
org.apache.cassandra.utils.SortedBiMultiValMap;X;
org.apache.cassandra.utils.StatusLogger;X;
org.apache.cassandra.utils.StreamingHistogram;X;
org.apache.cassandra.utils.StreamingHistogram$StreamingHistogramSerializer;X;
org.apache.cassandra.utils.UUIDGen;X;
org.apache.cassandra.utils.UUIDSerializer;X;
org.apache.cassandra.utils.WrappedRunnable;X;
org.apache.cassandra.utils.btree.BTree;X;
org.apache.cassandra.utils.btree.BTree$Special;X;
org.apache.cassandra.utils.btree.BTreeSet;X;
org.apache.cassandra.utils.btree.BTreeSet$BTreeDescRange;X;
org.apache.cassandra.utils.btree.BTreeSet$BTreeRange;X;
org.apache.cassandra.utils.btree.Builder;X;
org.apache.cassandra.utils.btree.Cursor;X;
org.apache.cassandra.utils.btree.NodeBuilder;X;
org.apache.cassandra.utils.btree.Path;X;
org.apache.cassandra.utils.btree.UpdateFunction;X;
org.apache.cassandra.utils.btree.UpdateFunction$NoOp;X;
org.apache.cassandra.utils.concurrent.OpOrder;X;
org.apache.cassandra.utils.concurrent.OpOrder$Barrier;X;
org.apache.cassandra.utils.concurrent.OpOrder$Group;X;
org.apache.cassandra.utils.concurrent.SimpleCondition;X;
org.apache.cassandra.utils.concurrent.WaitQueue;X;
org.apache.cassandra.utils.concurrent.WaitQueue$AbstractSignal;X;
org.apache.cassandra.utils.concurrent.WaitQueue$AllSignal;X;
org.apache.cassandra.utils.concurrent.WaitQueue$AnySignal;X;
org.apache.cassandra.utils.concurrent.WaitQueue$MultiSignal;X;
org.apache.cassandra.utils.concurrent.WaitQueue$RegisteredSignal;X;
org.apache.cassandra.utils.concurrent.WaitQueue$Signal;X;
org.apache.cassandra.utils.concurrent.WaitQueue$TimedSignal;X;
org.apache.cassandra.utils.memory.AbstractAllocator;X;
org.apache.cassandra.utils.memory.ContextAllocator;X;
org.apache.cassandra.utils.memory.HeapAllocator;X;
org.apache.cassandra.utils.memory.HeapPool;X;
org.apache.cassandra.utils.memory.HeapPool$Allocator;X;
org.apache.cassandra.utils.memory.HeapPool$Allocator$Reclaimer;X;
org.apache.cassandra.utils.memory.MemoryUtil;X;
org.apache.cassandra.utils.memory.MemtableAllocator;X;
org.apache.cassandra.utils.memory.MemtableAllocator$DataReclaimer;X;
org.apache.cassandra.utils.memory.MemtableAllocator$SubAllocator;X;
org.apache.cassandra.utils.memory.MemtableBufferAllocator;X;
org.apache.cassandra.utils.memory.MemtableCleanerThread;X;
org.apache.cassandra.utils.memory.MemtablePool;X;
org.apache.cassandra.utils.memory.MemtablePool$SubPool;X;
org.apache.cassandra.utils.memory.NativeAllocator;X;
org.apache.cassandra.utils.memory.NativeAllocator$Region;X;
org.apache.cassandra.utils.memory.NativePool;X;
org.apache.cassandra.utils.memory.SlabAllocator;X;
org.apache.cassandra.utils.memory.SlabAllocator$Region;X;
org.apache.cassandra.utils.memory.SlabPool;X;
org.apache.cassandra.utils.obs.BitUtil;X;
org.apache.cassandra.utils.obs.IBitSet;X;
org.apache.cassandra.utils.obs.OffHeapBitSet;X;
org.apache.cassandra.utils.obs.OpenBitSet;X;
org.apache.cassandra.utils.vint.EncodedDataInputStream;X;
org.apache.cassandra.utils.vint.EncodedDataOutputStream;X;
